count, time, location_pos_x, location_pos_y, location_pos_z, location_roll, location_pitch, location_yaw, 
1, 0,  0.034, -0.030,  0.000,  0.000,  0.000, -0.004, 
2, 0,  0.034, -0.030,  0.000,  0.000,  0.000, -0.004, 
3, 0,  0.034, -0.030,  0.000,  0.000,  0.000, -0.004, 
4, 0,  0.034, -0.030,  0.000,  0.000,  0.000, -0.004, 
5, 0,  0.034, -0.030,  0.000,  0.000,  0.000, -0.004, 
6, 0,  0.034, -0.030,  0.000,  0.000,  0.000, -0.003, 
7, 0,  0.034, -0.030,  0.000,  0.000,  0.000, -0.003, 
8, 0,  0.035, -0.030,  0.000,  0.000,  0.000, -0.003, 
9, 0,  0.093, -0.030,  0.000,  0.000,  0.000, -0.003, 
10, 0,  0.269, -0.027,  0.000,  0.000, -0.000,  0.014, 
11, 0,  0.530, -0.016,  0.000,  0.000, -0.000,  0.032, 
12, 0,  0.915, -0.007,  0.000,  0.000, -0.000,  0.023, 
13, 0,  1.296,  0.000,  0.000,  0.000, -0.000,  0.016, 
14, 0,  1.686,  0.007,  0.000,  0.000, -0.000,  0.019, 
15, 0,  2.071,  0.014,  0.000,  0.000, -0.000,  0.017, 
16, 0,  2.458,  0.015,  0.000,  0.000, -0.000,  0.001, 
17, 0,  2.847,  0.007,  0.000,  0.000,  0.000, -0.023, 
18, 0,  3.236, -0.008,  0.000,  0.000,  0.000, -0.039, 
19, 0,  3.623, -0.019,  0.000,  0.000,  0.000, -0.024, 
20, 0,  4.016, -0.026,  0.000,  0.000,  0.000, -0.016, 
21, 0,  4.409, -0.019,  0.000,  0.000, -0.000,  0.023, 
22, 0,  4.793, -0.007,  0.000,  0.000, -0.000,  0.029, 
23, 0,  5.186,  0.002,  0.000,  0.000, -0.000,  0.021, 
24, 0,  5.577,  0.007,  0.000,  0.000, -0.000,  0.014, 
25, 0,  5.971,  0.013,  0.000,  0.000, -0.000,  0.015, 
26, 0,  6.364,  0.014,  0.000,  0.000, -0.000,  0.005, 
27, 0,  6.756,  0.017,  0.000,  0.000, -0.000,  0.009, 
28, 0,  7.147,  0.022,  0.000,  0.000, -0.000,  0.012, 
29, 0,  7.539,  0.009,  0.000,  0.000,  0.000, -0.039, 
30, 0,  7.932, -0.021,  0.000,  0.000,  0.000, -0.068, 
31, 0,  8.329, -0.042,  0.000,  0.000,  0.000, -0.049, 
32, 0,  8.727, -0.061,  0.000,  0.000,  0.000, -0.053, 
33, 0,  9.123, -0.087,  0.000,  0.000,  0.000, -0.067, 
34, 0,  9.520, -0.116,  0.000,  0.000,  0.000, -0.071, 
35, 0,  9.903, -0.140,  0.000,  0.000,  0.000, -0.063, 
36, 0, 10.300, -0.165,  0.000,  0.000,  0.000, -0.060, 
37, 0, 10.694, -0.190,  0.000,  0.000,  0.000, -0.063, 
38, 0, 11.098, -0.212,  0.000,  0.000,  0.000, -0.051, 
39, 0, 11.494, -0.228,  0.000,  0.000,  0.000, -0.038, 
40, 0, 11.893, -0.235,  0.000,  0.000,  0.000, -0.014, 
41, 0, 12.283, -0.229,  0.000,  0.000, -0.000,  0.012, 
42, 0, 12.681, -0.222,  0.000,  0.000, -0.000,  0.020, 
43, 0, 13.078, -0.215,  0.000,  0.000, -0.000,  0.020, 
44, 0, 13.479, -0.201,  0.000,  0.000, -0.000,  0.036, 
45, 0, 13.877, -0.185,  0.000,  0.000, -0.000,  0.039, 
46, 0, 14.280, -0.175,  0.000,  0.000, -0.000,  0.021, 
47, 0, 14.683, -0.182,  0.000,  0.000,  0.000, -0.024, 
48, 0, 15.075, -0.229,  0.000,  0.000,  0.000, -0.105, 
49, 0, 15.465, -0.277,  0.000,  0.000,  0.000, -0.125, 
50, 0, 15.863, -0.331,  0.000,  0.000,  0.000, -0.133, 
51, 0, 16.263, -0.385,  0.000,  0.000,  0.000, -0.134, 
52, 0, 16.661, -0.434,  0.000,  0.000,  0.000, -0.121, 
53, 0, 17.070, -0.478,  0.000,  0.000,  0.000, -0.106, 
54, 0, 17.464, -0.515,  0.000,  0.000,  0.000, -0.091, 
55, 0, 17.856, -0.530,  0.000,  0.000,  0.000, -0.027, 
56, 0, 18.259, -0.520,  0.000,  0.000, -0.000,  0.028, 
57, 0, 18.664, -0.509,  0.000,  0.000, -0.000,  0.022, 
58, 0, 19.067, -0.501,  0.000,  0.000, -0.000,  0.023, 
59, 0, 19.471, -0.491,  0.000,  0.000, -0.000,  0.023, 
60, 0, 19.873, -0.481,  0.000,  0.000, -0.000,  0.024, 
61, 0, 20.276, -0.480,  0.000,  0.000,  0.000, -0.001, 
62, 0, 20.678, -0.489,  0.000,  0.000,  0.000, -0.018, 
63, 0, 21.078, -0.493,  0.000,  0.000,  0.000, -0.014, 
64, 0, 21.477, -0.500,  0.000,  0.000,  0.000, -0.015, 
65, 0, 21.874, -0.505,  0.000,  0.000,  0.000, -0.012, 
66, 0, 22.272, -0.511,  0.000,  0.000,  0.000, -0.015, 
67, 0, 22.669, -0.521,  0.000,  0.000,  0.000, -0.022, 
68, 0, 23.065, -0.530,  0.000,  0.000,  0.000, -0.024, 
69, 0, 23.460, -0.537,  0.000,  0.000,  0.000, -0.015, 
70, 0, 23.855, -0.542,  0.000,  0.000,  0.000, -0.013, 
71, 0, 24.252, -0.557,  0.000,  0.000,  0.000, -0.041, 
72, 0, 24.639, -0.577,  0.000,  0.000,  0.000, -0.049, 
73, 0, 25.035, -0.593,  0.000,  0.000,  0.000, -0.039, 
74, 0, 25.431, -0.603,  0.000,  0.000,  0.000, -0.027, 
75, 0, 25.828, -0.613,  0.000,  0.000,  0.000, -0.026, 
76, 0, 26.224, -0.632,  0.000,  0.000,  0.000, -0.049, 
77, 0, 26.623, -0.650,  0.000,  0.000,  0.000, -0.046, 
78, 0, 27.021, -0.670,  0.000,  0.000,  0.000, -0.046, 
79, 0, 27.408, -0.694,  0.000,  0.000,  0.000, -0.065, 
80, 0, 27.804, -0.725,  0.000,  0.000,  0.000, -0.077, 
81, 0, 28.206, -0.751,  0.000,  0.000,  0.000, -0.060, 
82, 0, 28.592, -0.769,  0.000,  0.000,  0.000, -0.047, 
83, 0, 28.983, -0.786,  0.000,  0.000,  0.000, -0.046, 
84, 0, 29.367, -0.803,  0.000,  0.000,  0.000, -0.044, 
85, 0, 29.756, -0.823,  0.000,  0.000,  0.000, -0.051, 
86, 0, 30.145, -0.837,  0.000,  0.000,  0.000, -0.036, 
87, 0, 30.535, -0.849,  0.000,  0.000,  0.000, -0.025, 
88, 0, 30.929, -0.855,  0.000,  0.000,  0.000, -0.020, 
89, 0, 31.328, -0.863,  0.000,  0.000,  0.000, -0.022, 
90, 0, 31.727, -0.878,  0.000,  0.000,  0.000, -0.040, 
91, 0, 32.127, -0.897,  0.000,  0.000,  0.000, -0.043, 
92, 0, 32.519, -0.910,  0.000,  0.000,  0.000, -0.031, 
93, 0, 32.915, -0.918,  0.000,  0.000,  0.000, -0.021, 
94, 0, 33.306, -0.919,  0.000,  0.000,  0.000, -0.004, 
95, 0, 33.713, -0.922,  0.000,  0.000,  0.000, -0.005, 
96, 0, 34.086, -0.923,  0.000,  0.000,  0.000, -0.008, 
97, 0, 34.495, -0.936,  0.000,  0.000,  0.000, -0.031, 
98, 0, 34.886, -0.956,  0.000,  0.000,  0.000, -0.053, 
99, 0, 35.283, -0.985,  0.000,  0.000,  0.000, -0.073, 
100, 0, 35.686, -1.019,  0.000,  0.000,  0.000, -0.085, 
101, 0, 36.064, -1.050,  0.000,  0.000,  0.000, -0.078, 
102, 0, 36.459, -1.074,  0.000,  0.000,  0.000, -0.055, 
103, 0, 36.857, -1.088,  0.000,  0.000,  0.000, -0.038, 
104, 0, 37.252, -1.105,  0.000,  0.000,  0.000, -0.043, 
105, 0, 37.645, -1.125,  0.000,  0.000,  0.000, -0.052, 
106, 0, 38.043, -1.159,  0.000,  0.000,  0.000, -0.082, 
107, 0, 38.430, -1.189,  0.000,  0.000,  0.000, -0.072, 
108, 0, 38.827, -1.211,  0.000,  0.000,  0.000, -0.059, 
109, 0, 39.224, -1.230,  0.000,  0.000,  0.000, -0.048, 
110, 0, 39.616, -1.254,  0.000,  0.000,  0.000, -0.067, 
111, 0, 40.018, -1.286,  0.000,  0.000,  0.000, -0.072, 
112, 0, 40.406, -1.308,  0.000,  0.000,  0.000, -0.059, 
113, 0, 40.798, -1.336,  0.000,  0.000,  0.000, -0.067, 
114, 0, 41.195, -1.356,  0.000,  0.000,  0.000, -0.050, 
115, 0, 41.588, -1.380,  0.000,  0.000,  0.000, -0.061, 
116, 0, 41.983, -1.404,  0.000,  0.000,  0.000, -0.063, 
117, 0, 42.379, -1.434,  0.000,  0.000,  0.000, -0.076, 
118, 0, 42.761, -1.465,  0.000,  0.000,  0.000, -0.080, 
119, 0, 43.154, -1.489,  0.000,  0.000,  0.000, -0.062, 
120, 0, 43.549, -1.509,  0.000,  0.000,  0.000, -0.047, 
121, 0, 43.943, -1.524,  0.000,  0.000,  0.000, -0.037, 
122, 0, 44.336, -1.540,  0.000,  0.000,  0.000, -0.041, 
123, 0, 44.729, -1.560,  0.000,  0.000,  0.000, -0.057, 
124, 0, 45.111, -1.596,  0.000,  0.000,  0.000, -0.093, 
125, 0, 45.502, -1.636,  0.000,  0.000,  0.000, -0.099, 
126, 0, 45.894, -1.668,  0.000,  0.000,  0.000, -0.086, 
127, 0, 46.292, -1.705,  0.000,  0.000,  0.000, -0.092, 
128, 0, 46.675, -1.741,  0.000,  0.000,  0.000, -0.092, 
129, 0, 47.072, -1.770,  0.000,  0.000,  0.000, -0.066, 
130, 0, 47.468, -1.791,  0.000,  0.000,  0.000, -0.053, 
131, 0, 47.861, -1.809,  0.000,  0.000,  0.000, -0.044, 
132, 0, 48.259, -1.816,  0.000,  0.000,  0.000, -0.016, 
133, 0, 48.633, -1.822,  0.000,  0.000,  0.000, -0.014, 
134, 0, 49.029, -1.821,  0.000,  0.000, -0.000,  0.002, 
135, 0, 49.430, -1.821,  0.000,  0.000,  0.000, -0.005, 
136, 0, 49.823, -1.841,  0.000,  0.000,  0.000, -0.055, 
137, 0, 50.215, -1.870,  0.000,  0.000,  0.000, -0.070, 
138, 0, 50.610, -1.892,  0.000,  0.000,  0.000, -0.053, 
139, 0, 50.998, -1.908,  0.000,  0.000,  0.000, -0.042, 
140, 0, 51.402, -1.924,  0.000,  0.000,  0.000, -0.048, 
141, 0, 51.791, -1.945,  0.000,  0.000,  0.000, -0.054, 
142, 0, 52.189, -1.969,  0.000,  0.000,  0.000, -0.062, 
143, 0, 52.587, -1.992,  0.000,  0.000,  0.000, -0.056, 
144, 0, 52.985, -2.016,  0.000,  0.000,  0.000, -0.059, 
145, 0, 53.380, -2.034,  0.000,  0.000,  0.000, -0.049, 
146, 0, 53.777, -2.057,  0.000,  0.000,  0.000, -0.056, 
147, 0, 54.157, -2.080,  0.000,  0.000,  0.000, -0.058, 
148, 0, 54.553, -2.096,  0.000,  0.000,  0.000, -0.042, 
149, 0, 54.957, -2.112,  0.000,  0.000,  0.000, -0.043, 
150, 0, 55.339, -2.133,  0.000,  0.000,  0.000, -0.050, 
151, 0, 55.726, -2.151,  0.000,  0.000,  0.000, -0.046, 
152, 0, 56.131, -2.164,  0.000,  0.000,  0.000, -0.032, 
153, 0, 56.521, -2.176,  0.000,  0.000,  0.000, -0.032, 
154, 0, 56.920, -2.193,  0.000,  0.000,  0.000, -0.041, 
155, 0, 57.315, -2.214,  0.000,  0.000,  0.000, -0.055, 
156, 0, 57.715, -2.245,  0.000,  0.000,  0.000, -0.076, 
157, 0, 58.116, -2.274,  0.000,  0.000,  0.000, -0.072, 
158, 0, 58.517, -2.291,  0.000,  0.000,  0.000, -0.042, 
159, 0, 58.910, -2.302,  0.000,  0.000,  0.000, -0.029, 
160, 0, 59.312, -2.306,  0.000,  0.000,  0.000, -0.007, 
161, 0, 59.711, -2.300,  0.000,  0.000, -0.000,  0.014, 
162, 0, 60.106, -2.294,  0.000,  0.000, -0.000,  0.014, 
163, 0, 60.501, -2.288,  0.000,  0.000, -0.000,  0.018, 
164, 0, 60.886, -2.278,  0.000,  0.000, -0.000,  0.027, 
165, 0, 61.281, -2.276,  0.000,  0.000, -0.000,  0.005, 
166, 0, 61.667, -2.278,  0.000,  0.000,  0.000, -0.009, 
167, 0, 62.057, -2.287,  0.000,  0.000,  0.000, -0.021, 
168, 0, 62.464, -2.296,  0.000,  0.000,  0.000, -0.025, 
169, 0, 62.864, -2.307,  0.000,  0.000,  0.000, -0.028, 
170, 0, 63.255, -2.322,  0.000,  0.000,  0.000, -0.039, 
171, 0, 63.654, -2.338,  0.000,  0.000,  0.000, -0.041, 
172, 0, 64.052, -2.357,  0.000,  0.000,  0.000, -0.049, 
173, 0, 64.450, -2.377,  0.000,  0.000,  0.000, -0.043, 
174, 0, 64.849, -2.383,  0.000,  0.000,  0.000, -0.018, 
175, 0, 65.247, -2.393,  0.000,  0.000,  0.000, -0.020, 
176, 0, 65.646, -2.406,  0.000,  0.000,  0.000, -0.038, 
177, 0, 66.045, -2.426,  0.000,  0.000,  0.000, -0.050, 
178, 0, 66.440, -2.445,  0.000,  0.000,  0.000, -0.049, 
179, 0, 66.836, -2.457,  0.000,  0.000,  0.000, -0.033, 
180, 0, 67.230, -2.474,  0.000,  0.000,  0.000, -0.041, 
181, 0, 67.624, -2.485,  0.000,  0.000,  0.000, -0.028, 
182, 0, 68.018, -2.504,  0.000,  0.000,  0.000, -0.050, 
183, 0, 68.417, -2.527,  0.000,  0.000,  0.000, -0.056, 
184, 0, 68.812, -2.547,  0.000,  0.000,  0.000, -0.046, 
185, 0, 69.212, -2.559,  0.000,  0.000,  0.000, -0.034, 
186, 0, 69.609, -2.561,  0.000,  0.000,  0.000, -0.007, 
187, 0, 69.998, -2.559,  0.000,  0.000, -0.000,  0.008, 
188, 0, 70.395, -2.550,  0.000,  0.000, -0.000,  0.024, 
189, 0, 70.793, -2.551,  0.000,  0.000,  0.000, -0.005, 
190, 0, 71.191, -2.558,  0.000,  0.000,  0.000, -0.021, 
191, 0, 71.574, -2.572,  0.000,  0.000,  0.000, -0.034, 
192, 0, 71.972, -2.586,  0.000,  0.000,  0.000, -0.034, 
193, 0, 72.365, -2.598,  0.000,  0.000,  0.000, -0.031, 
194, 0, 72.773, -2.607,  0.000,  0.000,  0.000, -0.020, 
195, 0, 73.171, -2.608,  0.000,  0.000,  0.000, -0.001, 
196, 0, 73.556, -2.581,  0.000,  0.000, -0.000,  0.091, 
197, 0, 73.950, -2.545,  0.000,  0.000, -0.000,  0.084, 
198, 0, 74.343, -2.506,  0.000,  0.000, -0.000,  0.103, 
199, 0, 74.737, -2.468,  0.000,  0.000, -0.000,  0.092, 
200, 0, 75.130, -2.431,  0.000,  0.000, -0.000,  0.096, 
201, 0, 75.525, -2.398,  0.000,  0.000, -0.000,  0.080, 
202, 0, 75.944, -2.372,  0.000,  0.000, -0.000,  0.063, 
203, 0, 76.318, -2.359,  0.000,  0.000, -0.000,  0.028, 
204, 0, 76.706, -2.368,  0.000,  0.000,  0.000, -0.023, 
205, 0, 77.102, -2.387,  0.000,  0.000,  0.000, -0.050, 
206, 0, 77.498, -2.421,  0.000,  0.000,  0.000, -0.085, 
207, 0, 77.891, -2.467,  0.000,  0.000,  0.000, -0.112, 
208, 0, 78.284, -2.513,  0.000,  0.000,  0.000, -0.121, 
209, 0, 78.677, -2.564,  0.000,  0.000,  0.000, -0.128, 
210, 0, 79.075, -2.624,  0.000,  0.000,  0.000, -0.158, 
211, 0, 79.451, -2.706,  0.000,  0.000,  0.000, -0.217, 
212, 0, 79.824, -2.826,  0.000,  0.000,  0.000, -0.324, 
213, 0, 80.176, -2.996,  0.000,  0.000,  0.000, -0.454, 
214, 0, 80.487, -3.221,  0.000,  0.000,  0.000, -0.627, 
215, 0, 80.757, -3.500,  0.000,  0.000,  0.000, -0.811, 
216, 0, 80.987, -3.819,  0.000,  0.000,  0.000, -0.941, 
217, 0, 81.189, -4.162,  0.000,  0.000,  0.000, -1.043, 
218, 0, 81.345, -4.524,  0.000,  0.000,  0.000, -1.175, 
219, 0, 81.458, -4.910,  0.000,  0.000,  0.000, -1.293, 
220, 0, 81.533, -5.281,  0.000,  0.000,  0.000, -1.366, 
221, 0, 81.595, -5.671,  0.000,  0.000,  0.000, -1.414, 
222, 0, 81.647, -6.054,  0.000,  0.000,  0.000, -1.439, 
223, 0, 81.673, -6.449,  0.000,  0.000,  0.000, -1.501, 
224, 0, 81.694, -6.856,  0.000,  0.000,  0.000, -1.522, 
225, 0, 81.700, -7.246,  0.000,  0.000,  0.000, -1.558, 
226, 0, 81.687, -7.645,  0.000,  0.000,  0.000, -1.610, 
227, 0, 81.666, -8.042,  0.000,  0.000,  0.000, -1.621, 
228, 0, 81.647, -8.448,  0.000,  0.000,  0.000, -1.617, 
229, 0, 81.633, -8.833,  0.000,  0.000,  0.000, -1.603, 
230, 0, 81.627, -9.232,  0.000,  0.000,  0.000, -1.586, 
231, 0, 81.625, -9.642,  0.000,  0.000,  0.000, -1.575, 
232, 0, 81.629, -10.036,  0.000,  0.000,  0.000, -1.562, 
233, 0, 81.635, -10.436,  0.000,  0.000,  0.000, -1.553, 
234, 0, 81.650, -10.827,  0.000,  0.000,  0.000, -1.532, 
235, 0, 81.667, -11.234,  0.000,  0.000,  0.000, -1.531, 
236, 0, 81.680, -11.619,  0.000,  0.000,  0.000, -1.536, 
237, 0, 81.694, -12.017,  0.000,  0.000,  0.000, -1.537, 
238, 0, 81.702, -12.414,  0.000,  0.000,  0.000, -1.545, 
239, 0, 81.712, -12.808,  0.000,  0.000,  0.000, -1.547, 
240, 0, 81.721, -13.200,  0.000,  0.000,  0.000, -1.548, 
241, 0, 81.723, -13.584,  0.000,  0.000,  0.000, -1.567, 
242, 0, 81.697, -13.954,  0.000,  0.000,  0.000, -1.665, 
243, 0, 81.595, -14.331,  0.000,  0.000,  0.000, -1.842, 
244, 0, 81.471, -14.704,  0.000,  0.000,  0.000, -1.896, 
245, 0, 81.351, -15.073,  0.000,  0.000,  0.000, -1.883, 
246, 0, 81.234, -15.448,  0.000,  0.000,  0.000, -1.871, 
247, 0, 81.120, -15.822,  0.000,  0.000,  0.000, -1.865, 
248, 0, 81.009, -16.198,  0.000,  0.000,  0.000, -1.857, 
249, 0, 80.898, -16.575,  0.000,  0.000,  0.000, -1.857, 
250, 0, 80.784, -16.951,  0.000,  0.000,  0.000, -1.868, 
251, 0, 80.661, -17.320,  0.000,  0.000,  0.000, -1.896, 
252, 0, 80.520, -17.686,  0.000,  0.000,  0.000, -1.936, 
253, 0, 80.379, -18.054,  0.000,  0.000,  0.000, -1.934, 
254, 0, 80.236, -18.422,  0.000,  0.000,  0.000, -1.945, 
255, 0, 80.093, -18.791,  0.000,  0.000,  0.000, -1.941, 
256, 0, 79.950, -19.161,  0.000,  0.000,  0.000, -1.939, 
257, 0, 79.814, -19.518,  0.000,  0.000,  0.000, -1.933, 
258, 0, 79.677, -19.881,  0.000,  0.000,  0.000, -1.935, 
259, 0, 79.531, -20.250,  0.000,  0.000,  0.000, -1.947, 
260, 0, 79.391, -20.615,  0.000,  0.000,  0.000, -1.935, 
261, 0, 79.252, -20.988,  0.000,  0.000,  0.000, -1.928, 
262, 0, 79.115, -21.361,  0.000,  0.000,  0.000, -1.922, 
263, 0, 78.981, -21.742,  0.000,  0.000,  0.000, -1.905, 
264, 0, 78.858, -22.115,  0.000,  0.000,  0.000, -1.892, 
265, 0, 78.737, -22.494,  0.000,  0.000,  0.000, -1.881, 
266, 0, 78.620, -22.875,  0.000,  0.000,  0.000, -1.863, 
267, 0, 78.515, -23.259,  0.000,  0.000,  0.000, -1.837, 
268, 0, 78.425, -23.647,  0.000,  0.000,  0.000, -1.795, 
269, 0, 78.371, -24.041,  0.000,  0.000,  0.000, -1.701, 
270, 0, 78.332, -24.439,  0.000,  0.000,  0.000, -1.672, 
271, 0, 78.293, -24.828,  0.000,  0.000,  0.000, -1.672, 
272, 0, 78.250, -25.233,  0.000,  0.000,  0.000, -1.675, 
273, 0, 78.208, -25.631,  0.000,  0.000,  0.000, -1.673, 
274, 0, 78.168, -26.027,  0.000,  0.000,  0.000, -1.671, 
275, 0, 78.129, -26.423,  0.000,  0.000,  0.000, -1.671, 
276, 0, 78.092, -26.819,  0.000,  0.000,  0.000, -1.664, 
277, 0, 78.056, -27.207,  0.000,  0.000,  0.000, -1.662, 
278, 0, 78.016, -27.603,  0.000,  0.000,  0.000, -1.676, 
279, 0, 77.978, -28.000,  0.000,  0.000,  0.000, -1.663, 
280, 0, 77.939, -28.397,  0.000,  0.000,  0.000, -1.667, 
281, 0, 77.906, -28.795,  0.000,  0.000,  0.000, -1.654, 
282, 0, 77.876, -29.194,  0.000,  0.000,  0.000, -1.646, 
283, 0, 77.846, -29.592,  0.000,  0.000,  0.000, -1.642, 
284, 0, 77.825, -29.986,  0.000,  0.000,  0.000, -1.621, 
285, 0, 77.818, -30.386,  0.000,  0.000,  0.000, -1.588, 
286, 0, 77.815, -30.784,  0.000,  0.000,  0.000, -1.577, 
287, 0, 77.832, -31.177,  0.000,  0.000,  0.000, -1.515, 
288, 0, 77.904, -31.564,  0.000,  0.000,  0.000, -1.390, 
289, 0, 78.019, -31.939,  0.000,  0.000,  0.000, -1.283, 
290, 0, 78.143, -32.322,  0.000,  0.000,  0.000, -1.260, 
291, 0, 78.270, -32.703,  0.000,  0.000,  0.000, -1.249, 
292, 0, 78.397, -33.086,  0.000,  0.000,  0.000, -1.249, 
293, 0, 78.529, -33.463,  0.000,  0.000,  0.000, -1.235, 
294, 0, 78.664, -33.840,  0.000,  0.000,  0.000, -1.227, 
295, 0, 78.804, -34.225,  0.000,  0.000,  0.000, -1.219, 
296, 0, 78.943, -34.593,  0.000,  0.000,  0.000, -1.214, 
297, 0, 79.086, -34.968,  0.000,  0.000,  0.000, -1.203, 
298, 0, 79.231, -35.333,  0.000,  0.000,  0.000, -1.193, 
299, 0, 79.383, -35.706,  0.000,  0.000,  0.000, -1.184, 
300, 0, 79.523, -36.046,  0.000,  0.000,  0.000, -1.176, 
301, 0, 79.680, -36.415,  0.000,  0.000,  0.000, -1.173, 
302, 0, 79.839, -36.783,  0.000,  0.000,  0.000, -1.162, 
303, 0, 80.004, -37.149,  0.000,  0.000,  0.000, -1.149, 
304, 0, 80.159, -37.516,  0.000,  0.000,  0.000, -1.178, 
305, 0, 80.292, -37.887,  0.000,  0.000,  0.000, -1.226, 
306, 0, 80.424, -38.257,  0.000,  0.000,  0.000, -1.228, 
307, 0, 80.558, -38.632,  0.000,  0.000,  0.000, -1.226, 
308, 0, 80.700, -39.007,  0.000,  0.000,  0.000, -1.211, 
309, 0, 80.844, -39.379,  0.000,  0.000,  0.000, -1.197, 
310, 0, 80.995, -39.752,  0.000,  0.000,  0.000, -1.185, 
311, 0, 81.149, -40.121,  0.000,  0.000,  0.000, -1.172, 
312, 0, 81.308, -40.486,  0.000,  0.000,  0.000, -1.160, 
313, 0, 81.469, -40.854,  0.000,  0.000,  0.000, -1.158, 
314, 0, 81.630, -41.211,  0.000,  0.000,  0.000, -1.147, 
315, 0, 81.794, -41.568,  0.000,  0.000,  0.000, -1.139, 
316, 0, 81.951, -41.933,  0.000,  0.000,  0.000, -1.170, 
317, 0, 82.097, -42.304,  0.000,  0.000,  0.000, -1.203, 
318, 0, 82.238, -42.678,  0.000,  0.000,  0.000, -1.205, 
319, 0, 82.389, -43.047,  0.000,  0.000,  0.000, -1.180, 
320, 0, 82.544, -43.405,  0.000,  0.000,  0.000, -1.164, 
321, 0, 82.689, -43.774,  0.000,  0.000,  0.000, -1.202, 
322, 0, 82.833, -44.152,  0.000,  0.000,  0.000, -1.202, 
323, 0, 82.972, -44.516,  0.000,  0.000,  0.000, -1.203, 
324, 0, 83.123, -44.890,  0.000,  0.000,  0.000, -1.182, 
325, 0, 83.275, -45.246,  0.000,  0.000,  0.000, -1.165, 
326, 0, 83.439, -45.607,  0.000,  0.000,  0.000, -1.142, 
327, 0, 83.616, -45.971,  0.000,  0.000,  0.000, -1.117, 
328, 0, 83.794, -46.316,  0.000,  0.000,  0.000, -1.095, 
329, 0, 83.980, -46.669,  0.000,  0.000,  0.000, -1.091, 
330, 0, 84.145, -47.023,  0.000,  0.000,  0.000, -1.145, 
331, 0, 84.281, -47.395,  0.000,  0.000,  0.000, -1.216, 
332, 0, 84.415, -47.765,  0.000,  0.000,  0.000, -1.223, 
333, 0, 84.541, -48.127,  0.000,  0.000,  0.000, -1.236, 
334, 0, 84.678, -48.496,  0.000,  0.000,  0.000, -1.224, 
335, 0, 84.808, -48.865,  0.000,  0.000,  0.000, -1.229, 
336, 0, 84.944, -49.233,  0.000,  0.000,  0.000, -1.218, 
337, 0, 85.079, -49.600,  0.000,  0.000,  0.000, -1.214, 
338, 0, 85.219, -49.966,  0.000,  0.000,  0.000, -1.206, 
339, 0, 85.356, -50.332,  0.000,  0.000,  0.000, -1.216, 
340, 0, 85.479, -50.702,  0.000,  0.000,  0.000, -1.255, 
341, 0, 85.600, -51.075,  0.000,  0.000,  0.000, -1.257, 
342, 0, 85.725, -51.449,  0.000,  0.000,  0.000, -1.246, 
343, 0, 85.856, -51.821,  0.000,  0.000,  0.000, -1.233, 
344, 0, 85.990, -52.191,  0.000,  0.000,  0.000, -1.221, 
345, 0, 86.131, -52.560,  0.000,  0.000,  0.000, -1.208, 
346, 0, 86.258, -52.931,  0.000,  0.000,  0.000, -1.251, 
347, 0, 86.354, -53.297,  0.000,  0.000,  0.000, -1.324, 
348, 0, 86.452, -53.682,  0.000,  0.000,  0.000, -1.317, 
349, 0, 86.552, -54.066,  0.000,  0.000,  0.000, -1.316, 
350, 0, 86.656, -54.451,  0.000,  0.000,  0.000, -1.307, 
351, 0, 86.754, -54.829,  0.000,  0.000,  0.000, -1.322, 
352, 0, 86.830, -55.218,  0.000,  0.000,  0.000, -1.382, 
353, 0, 86.901, -55.612,  0.000,  0.000,  0.000, -1.388, 
354, 0, 86.975, -56.001,  0.000,  0.000,  0.000, -1.380, 
355, 0, 87.057, -56.394,  0.000,  0.000,  0.000, -1.365, 
356, 0, 87.144, -56.787,  0.000,  0.000,  0.000, -1.353, 
357, 0, 87.235, -57.178,  0.000,  0.000,  0.000, -1.342, 
358, 0, 87.326, -57.567,  0.000,  0.000,  0.000, -1.345, 
359, 0, 87.418, -57.946,  0.000,  0.000,  0.000, -1.329, 
360, 0, 87.515, -58.333,  0.000,  0.000,  0.000, -1.334, 
361, 0, 87.582, -58.714,  0.000,  0.000,  0.000, -1.406, 
362, 0, 87.645, -59.108,  0.000,  0.000,  0.000, -1.408, 
363, 0, 87.705, -59.492,  0.000,  0.000,  0.000, -1.416, 
364, 0, 87.768, -59.892,  0.000,  0.000,  0.000, -1.413, 
365, 0, 87.832, -60.275,  0.000,  0.000,  0.000, -1.406, 
366, 0, 87.894, -60.666,  0.000,  0.000,  0.000, -1.417, 
367, 0, 87.943, -61.057,  0.000,  0.000,  0.000, -1.445, 
368, 0, 87.988, -61.448,  0.000,  0.000,  0.000, -1.456, 
369, 0, 88.040, -61.838,  0.000,  0.000,  0.000, -1.429, 
370, 0, 88.099, -62.227,  0.000,  0.000,  0.000, -1.420, 
371, 0, 88.151, -62.616,  0.000,  0.000,  0.000, -1.446, 
372, 0, 88.187, -63.009,  0.000,  0.000,  0.000, -1.481, 
373, 0, 88.226, -63.403,  0.000,  0.000,  0.000, -1.472, 
374, 0, 88.269, -63.795,  0.000,  0.000,  0.000, -1.459, 
375, 0, 88.317, -64.188,  0.000,  0.000,  0.000, -1.446, 
376, 0, 88.373, -64.578,  0.000,  0.000,  0.000, -1.432, 
377, 0, 88.428, -64.958,  0.000,  0.000,  0.000, -1.430, 
378, 0, 88.488, -65.347,  0.000,  0.000,  0.000, -1.417, 
379, 0, 88.549, -65.735,  0.000,  0.000,  0.000, -1.414, 
380, 0, 88.613, -66.120,  0.000,  0.000,  0.000, -1.408, 
381, 0, 88.674, -66.505,  0.000,  0.000,  0.000, -1.416, 
382, 0, 88.712, -66.875,  0.000,  0.000,  0.000, -1.480, 
383, 0, 88.724, -67.272,  0.000,  0.000,  0.000, -1.536, 
384, 0, 88.734, -67.663,  0.000,  0.000,  0.000, -1.541, 
385, 0, 88.747, -68.043,  0.000,  0.000,  0.000, -1.538, 
386, 0, 88.760, -68.432,  0.000,  0.000,  0.000, -1.535, 
387, 0, 88.779, -68.818,  0.000,  0.000,  0.000, -1.520, 
388, 0, 88.809, -69.205,  0.000,  0.000,  0.000, -1.491, 
389, 0, 88.846, -69.591,  0.000,  0.000,  0.000, -1.477, 
390, 0, 88.887, -69.977,  0.000,  0.000,  0.000, -1.461, 
391, 0, 88.933, -70.360,  0.000,  0.000,  0.000, -1.451, 
392, 0, 88.977, -70.744,  0.000,  0.000,  0.000, -1.454, 
393, 0, 89.028, -71.126,  0.000,  0.000,  0.000, -1.440, 
394, 0, 89.072, -71.507,  0.000,  0.000,  0.000, -1.455, 
395, 0, 89.099, -71.886,  0.000,  0.000,  0.000, -1.509, 
396, 0, 89.118, -72.269,  0.000,  0.000,  0.000, -1.520, 
397, 0, 89.169, -72.646,  0.000,  0.000,  0.000, -1.435, 
398, 0, 89.234, -73.023,  0.000,  0.000,  0.000, -1.403, 
399, 0, 89.314, -73.398,  0.000,  0.000,  0.000, -1.356, 
400, 0, 89.409, -73.760,  0.000,  0.000,  0.000, -1.308, 
401, 0, 89.515, -74.129,  0.000,  0.000,  0.000, -1.289, 
402, 0, 89.628, -74.494,  0.000,  0.000,  0.000, -1.272, 
403, 0, 89.744, -74.858,  0.000,  0.000,  0.000, -1.260, 
404, 0, 89.865, -75.222,  0.000,  0.000,  0.000, -1.250, 
405, 0, 89.987, -75.579,  0.000,  0.000,  0.000, -1.242, 
406, 0, 90.111, -75.941,  0.000,  0.000,  0.000, -1.245, 
407, 0, 90.228, -76.303,  0.000,  0.000,  0.000, -1.260, 
408, 0, 90.328, -76.673,  0.000,  0.000,  0.000, -1.311, 
409, 0, 90.416, -77.045,  0.000,  0.000,  0.000, -1.334, 
410, 0, 90.511, -77.415,  0.000,  0.000,  0.000, -1.321, 
411, 0, 90.603, -77.788,  0.000,  0.000,  0.000, -1.325, 
412, 0, 90.701, -78.157,  0.000,  0.000,  0.000, -1.312, 
413, 0, 90.805, -78.526,  0.000,  0.000,  0.000, -1.294, 
414, 0, 90.916, -78.891,  0.000,  0.000,  0.000, -1.272, 
415, 0, 91.035, -79.248,  0.000,  0.000,  0.000, -1.250, 
416, 0, 91.160, -79.609,  0.000,  0.000,  0.000, -1.237, 
417, 0, 91.288, -79.969,  0.000,  0.000,  0.000, -1.229, 
418, 0, 91.423, -80.330,  0.000,  0.000,  0.000, -1.214, 
419, 0, 91.562, -80.690,  0.000,  0.000,  0.000, -1.200, 
420, 0, 91.701, -81.045,  0.000,  0.000,  0.000, -1.197, 
421, 0, 91.848, -81.409,  0.000,  0.000,  0.000, -1.191, 
422, 0, 92.001, -81.783,  0.000,  0.000,  0.000, -1.175, 
423, 0, 92.154, -82.138,  0.000,  0.000,  0.000, -1.170, 
424, 0, 92.293, -82.509,  0.000,  0.000,  0.000, -1.226, 
425, 0, 92.420, -82.886,  0.000,  0.000,  0.000, -1.242, 
426, 0, 92.552, -83.261,  0.000,  0.000,  0.000, -1.231, 
427, 0, 92.686, -83.635,  0.000,  0.000,  0.000, -1.225, 
428, 0, 92.822, -84.009,  0.000,  0.000,  0.000, -1.220, 
429, 0, 92.958, -84.381,  0.000,  0.000,  0.000, -1.223, 
430, 0, 93.083, -84.757,  0.000,  0.000,  0.000, -1.253, 
431, 0, 93.205, -85.134,  0.000,  0.000,  0.000, -1.256, 
432, 0, 93.333, -85.511,  0.000,  0.000,  0.000, -1.244, 
433, 0, 93.463, -85.885,  0.000,  0.000,  0.000, -1.237, 
434, 0, 93.593, -86.260,  0.000,  0.000,  0.000, -1.237, 
435, 0, 93.728, -86.635,  0.000,  0.000,  0.000, -1.226, 
436, 0, 93.850, -87.005,  0.000,  0.000,  0.000, -1.259, 
437, 0, 93.967, -87.395,  0.000,  0.000,  0.000, -1.271, 
438, 0, 94.085, -87.766,  0.000,  0.000,  0.000, -1.264, 
439, 0, 94.196, -88.147,  0.000,  0.000,  0.000, -1.293, 
440, 0, 94.301, -88.527,  0.000,  0.000,  0.000, -1.297, 
441, 0, 94.412, -88.907,  0.000,  0.000,  0.000, -1.287, 
442, 0, 94.533, -89.280,  0.000,  0.000,  0.000, -1.258, 
443, 0, 94.663, -89.657,  0.000,  0.000,  0.000, -1.242, 
444, 0, 94.798, -90.032,  0.000,  0.000,  0.000, -1.221, 
445, 0, 94.945, -90.403,  0.000,  0.000,  0.000, -1.196, 
446, 0, 95.092, -90.773,  0.000,  0.000,  0.000, -1.192, 
447, 0, 95.239, -91.134,  0.000,  0.000,  0.000, -1.182, 
448, 0, 95.389, -91.500,  0.000,  0.000,  0.000, -1.180, 
449, 0, 95.538, -91.861,  0.000,  0.000,  0.000, -1.180, 
450, 0, 95.687, -92.223,  0.000,  0.000,  0.000, -1.183, 
451, 0, 95.832, -92.593,  0.000,  0.000,  0.000, -1.196, 
452, 0, 95.957, -92.966,  0.000,  0.000,  0.000, -1.273, 
453, 0, 96.052, -93.347,  0.000,  0.000,  0.000, -1.326, 
454, 0, 96.147, -93.730,  0.000,  0.000,  0.000, -1.328, 
455, 0, 96.243, -94.114,  0.000,  0.000,  0.000, -1.327, 
456, 0, 96.343, -94.498,  0.000,  0.000,  0.000, -1.316, 
457, 0, 96.446, -94.882,  0.000,  0.000,  0.000, -1.308, 
458, 0, 96.552, -95.263,  0.000,  0.000,  0.000, -1.302, 
459, 0, 96.656, -95.647,  0.000,  0.000,  0.000, -1.304, 
460, 0, 96.768, -96.027,  0.000,  0.000,  0.000, -1.285, 
461, 0, 96.877, -96.402,  0.000,  0.000,  0.000, -1.288, 
462, 0, 96.986, -96.784,  0.000,  0.000,  0.000, -1.302, 
463, 0, 97.089, -97.167,  0.000,  0.000,  0.000, -1.309, 
464, 0, 97.189, -97.551,  0.000,  0.000,  0.000, -1.315, 
465, 0, 97.285, -97.935,  0.000,  0.000,  0.000, -1.325, 
466, 0, 97.374, -98.323,  0.000,  0.000,  0.000, -1.344, 
467, 0, 97.464, -98.710,  0.000,  0.000,  0.000, -1.345, 
468, 0, 97.557, -99.087,  0.000,  0.000,  0.000, -1.327, 
469, 0, 97.650, -99.473,  0.000,  0.000,  0.000, -1.335, 
470, 0, 97.745, -99.859,  0.000,  0.000,  0.000, -1.323, 
471, 0, 97.847, -100.243,  0.000,  0.000,  0.000, -1.315, 
472, 0, 97.946, -100.628,  0.000,  0.000,  0.000, -1.319, 
473, 0, 98.047, -101.010,  0.000,  0.000,  0.000, -1.311, 
474, 0, 98.154, -101.393,  0.000,  0.000,  0.000, -1.301, 
475, 0, 98.258, -101.777,  0.000,  0.000,  0.000, -1.306, 
476, 0, 98.364, -102.161,  0.000,  0.000,  0.000, -1.300, 
477, 0, 98.474, -102.546,  0.000,  0.000,  0.000, -1.294, 
478, 0, 98.584, -102.928,  0.000,  0.000,  0.000, -1.288, 
479, 0, 98.690, -103.310,  0.000,  0.000,  0.000, -1.306, 
480, 0, 98.792, -103.698,  0.000,  0.000,  0.000, -1.309, 
481, 0, 98.900, -104.080,  0.000,  0.000,  0.000, -1.293, 
482, 0, 99.016, -104.459,  0.000,  0.000,  0.000, -1.272, 
483, 0, 99.137, -104.822,  0.000,  0.000,  0.000, -1.252, 
484, 0, 99.263, -105.199,  0.000,  0.000,  0.000, -1.248, 
485, 0, 99.395, -105.579,  0.000,  0.000,  0.000, -1.234, 
486, 0, 99.522, -105.945,  0.000,  0.000,  0.000, -1.239, 
487, 0, 99.656, -106.316,  0.000,  0.000,  0.000, -1.223, 
488, 0, 99.795, -106.684,  0.000,  0.000,  0.000, -1.211, 
489, 0, 99.936, -107.052,  0.000,  0.000,  0.000, -1.204, 
490, 0, 100.080, -107.417,  0.000,  0.000,  0.000, -1.196, 
491, 0, 100.226, -107.784,  0.000,  0.000,  0.000, -1.191, 
492, 0, 100.375, -108.149,  0.000,  0.000,  0.000, -1.181, 
493, 0, 100.522, -108.506,  0.000,  0.000,  0.000, -1.183, 
494, 0, 100.667, -108.878,  0.000,  0.000,  0.000, -1.196, 
495, 0, 100.815, -109.246,  0.000,  0.000,  0.000, -1.188, 
496, 0, 100.965, -109.615,  0.000,  0.000,  0.000, -1.186, 
497, 0, 101.113, -109.984,  0.000,  0.000,  0.000, -1.190, 
498, 0, 101.259, -110.354,  0.000,  0.000,  0.000, -1.198, 
499, 0, 101.396, -110.727,  0.000,  0.000,  0.000, -1.218, 
500, 0, 101.528, -111.102,  0.000,  0.000,  0.000, -1.232, 
501, 0, 101.659, -111.481,  0.000,  0.000,  0.000, -1.236, 
502, 0, 101.791, -111.858,  0.000,  0.000,  0.000, -1.232, 
503, 0, 101.928, -112.230,  0.000,  0.000,  0.000, -1.217, 
504, 0, 102.065, -112.601,  0.000,  0.000,  0.000, -1.214, 
505, 0, 102.207, -112.972,  0.000,  0.000,  0.000, -1.202, 
506, 0, 102.353, -113.339,  0.000,  0.000,  0.000, -1.192, 
507, 0, 102.496, -113.707,  0.000,  0.000,  0.000, -1.206, 
508, 0, 102.623, -114.081,  0.000,  0.000,  0.000, -1.248, 
509, 0, 102.749, -114.457,  0.000,  0.000,  0.000, -1.243, 
510, 0, 102.873, -114.823,  0.000,  0.000,  0.000, -1.242, 
511, 0, 102.998, -115.197,  0.000,  0.000,  0.000, -1.245, 
512, 0, 103.131, -115.569,  0.000,  0.000,  0.000, -1.225, 
513, 0, 103.272, -115.938,  0.000,  0.000,  0.000, -1.205, 
514, 0, 103.413, -116.306,  0.000,  0.000,  0.000, -1.204, 
515, 0, 103.558, -116.683,  0.000,  0.000,  0.000, -1.204, 
516, 0, 103.700, -117.044,  0.000,  0.000,  0.000, -1.198, 
517, 0, 103.842, -117.413,  0.000,  0.000,  0.000, -1.205, 
518, 0, 103.978, -117.787,  0.000,  0.000,  0.000, -1.217, 
519, 0, 104.118, -118.159,  0.000,  0.000,  0.000, -1.215, 
520, 0, 104.249, -118.525,  0.000,  0.000,  0.000, -1.226, 
521, 0, 104.381, -118.901,  0.000,  0.000,  0.000, -1.234, 
522, 0, 104.519, -119.285,  0.000,  0.000,  0.000, -1.227, 
523, 0, 104.653, -119.649,  0.000,  0.000,  0.000, -1.218, 
524, 0, 104.792, -120.022,  0.000,  0.000,  0.000, -1.213, 
525, 0, 104.930, -120.391,  0.000,  0.000,  0.000, -1.208, 
526, 0, 105.070, -120.757,  0.000,  0.000,  0.000, -1.209, 
527, 0, 105.211, -121.128,  0.000,  0.000,  0.000, -1.206, 
528, 0, 105.349, -121.490,  0.000,  0.000,  0.000, -1.208, 
529, 0, 105.487, -121.859,  0.000,  0.000,  0.000, -1.213, 
530, 0, 105.630, -122.232,  0.000,  0.000,  0.000, -1.199, 
531, 0, 105.778, -122.600,  0.000,  0.000,  0.000, -1.188, 
532, 0, 105.932, -122.962,  0.000,  0.000,  0.000, -1.167, 
533, 0, 106.096, -123.325,  0.000,  0.000,  0.000, -1.147, 
534, 0, 106.263, -123.688,  0.000,  0.000,  0.000, -1.138, 
535, 0, 106.433, -124.049,  0.000,  0.000,  0.000, -1.134, 
536, 0, 106.602, -124.411,  0.000,  0.000,  0.000, -1.130, 
537, 0, 106.771, -124.761,  0.000,  0.000,  0.000, -1.122, 
538, 0, 106.944, -125.118,  0.000,  0.000,  0.000, -1.119, 
539, 0, 107.123, -125.475,  0.000,  0.000,  0.000, -1.106, 
540, 0, 107.304, -125.830,  0.000,  0.000,  0.000, -1.099, 
541, 0, 107.489, -126.185,  0.000,  0.000,  0.000, -1.092, 
542, 0, 107.677, -126.536,  0.000,  0.000,  0.000, -1.080, 
543, 0, 107.865, -126.885,  0.000,  0.000,  0.000, -1.073, 
544, 0, 108.057, -127.234,  0.000,  0.000,  0.000, -1.069, 
545, 0, 108.246, -127.573,  0.000,  0.000,  0.000, -1.061, 
546, 0, 108.440, -127.919,  0.000,  0.000,  0.000, -1.060, 
547, 0, 108.633, -128.262,  0.000,  0.000,  0.000, -1.058, 
548, 0, 108.829, -128.612,  0.000,  0.000,  0.000, -1.063, 
549, 0, 109.017, -128.952,  0.000,  0.000,  0.000, -1.064, 
550, 0, 109.207, -129.299,  0.000,  0.000,  0.000, -1.071, 
551, 0, 109.403, -129.664,  0.000,  0.000,  0.000, -1.078, 
552, 0, 109.584, -129.999,  0.000,  0.000,  0.000, -1.077, 
553, 0, 109.770, -130.353,  0.000,  0.000,  0.000, -1.085, 
554, 0, 109.956, -130.701,  0.000,  0.000,  0.000, -1.080, 
555, 0, 110.139, -131.044,  0.000,  0.000,  0.000, -1.082, 
556, 0, 110.324, -131.393,  0.000,  0.000,  0.000, -1.084, 
557, 0, 110.509, -131.746,  0.000,  0.000,  0.000, -1.084, 
558, 0, 110.690, -132.091,  0.000,  0.000,  0.000, -1.087, 
559, 0, 110.875, -132.442,  0.000,  0.000,  0.000, -1.089, 
560, 0, 111.060, -132.796,  0.000,  0.000,  0.000, -1.091, 
561, 0, 111.247, -133.155,  0.000,  0.000,  0.000, -1.089, 
562, 0, 111.429, -133.499,  0.000,  0.000,  0.000, -1.084, 
563, 0, 111.611, -133.850,  0.000,  0.000,  0.000, -1.091, 
564, 0, 111.789, -134.205,  0.000,  0.000,  0.000, -1.108, 
565, 0, 111.955, -134.564,  0.000,  0.000,  0.000, -1.138, 
566, 0, 112.123, -134.921,  0.000,  0.000,  0.000, -1.130, 
567, 0, 112.296, -135.279,  0.000,  0.000,  0.000, -1.120, 
568, 0, 112.470, -135.636,  0.000,  0.000,  0.000, -1.115, 
569, 0, 112.644, -135.991,  0.000,  0.000,  0.000, -1.115, 
570, 0, 112.819, -136.346,  0.000,  0.000,  0.000, -1.114, 
571, 0, 112.994, -136.701,  0.000,  0.000,  0.000, -1.112, 
572, 0, 113.169, -137.054,  0.000,  0.000,  0.000, -1.116, 
573, 0, 113.327, -137.418,  0.000,  0.000,  0.000, -1.169, 
574, 0, 113.482, -137.774,  0.000,  0.000,  0.000, -1.157, 
575, 0, 113.642, -138.132,  0.000,  0.000,  0.000, -1.153, 
576, 0, 113.801, -138.494,  0.000,  0.000,  0.000, -1.154, 
577, 0, 113.964, -138.853,  0.000,  0.000,  0.000, -1.144, 
578, 0, 114.131, -139.212,  0.000,  0.000,  0.000, -1.137, 
579, 0, 114.300, -139.572,  0.000,  0.000,  0.000, -1.129, 
580, 0, 114.473, -139.939,  0.000,  0.000,  0.000, -1.135, 
581, 0, 114.628, -140.288,  0.000,  0.000,  0.000, -1.155, 
582, 0, 114.785, -140.658,  0.000,  0.000,  0.000, -1.165, 
583, 0, 114.950, -141.012,  0.000,  0.000,  0.000, -1.135, 
584, 0, 115.115, -141.378,  0.000,  0.000,  0.000, -1.165, 
585, 0, 115.217, -141.752,  0.000,  0.000,  0.000, -1.328, 
586, 0, 115.282, -142.140,  0.000,  0.000,  0.000, -1.406, 
587, 0, 115.322, -142.539,  0.000,  0.000,  0.000, -1.483, 
588, 0, 115.332, -142.926,  0.000,  0.000,  0.000, -1.555, 
589, 0, 115.319, -143.325,  0.000,  0.000,  0.000, -1.601, 
590, 0, 115.290, -143.716,  0.000,  0.000,  0.000, -1.651, 
591, 0, 115.241, -144.095,  0.000,  0.000,  0.000, -1.708, 
592, 0, 115.158, -144.484,  0.000,  0.000,  0.000, -1.789, 
593, 0, 115.054, -144.851,  0.000,  0.000,  0.000, -1.853, 
594, 0, 114.911, -145.219,  0.000,  0.000,  0.000, -1.954, 
595, 0, 114.731, -145.566,  0.000,  0.000,  0.000, -2.064, 
596, 0, 114.516, -145.882,  0.000,  0.000,  0.000, -2.183, 
597, 0, 114.260, -146.180,  0.000,  0.000,  0.000, -2.294, 
598, 0, 113.986, -146.474,  0.000,  0.000,  0.000, -2.320, 
599, 0, 113.716, -146.764,  0.000,  0.000,  0.000, -2.322, 
600, 0, 113.451, -147.040,  0.000,  0.000,  0.000, -2.335, 
601, 0, 113.180, -147.317,  0.000,  0.000,  0.000, -2.341, 
602, 0, 112.909, -147.601,  0.000,  0.000,  0.000, -2.334, 
603, 0, 112.633, -147.885,  0.000,  0.000,  0.000, -2.345, 
604, 0, 112.358, -148.154,  0.000,  0.000,  0.000, -2.368, 
605, 0, 112.068, -148.420,  0.000,  0.000,  0.000, -2.403, 
606, 0, 111.771, -148.666,  0.000,  0.000,  0.000, -2.452, 
607, 0, 111.463, -148.902,  0.000,  0.000,  0.000, -2.491, 
608, 0, 111.138, -149.117,  0.000,  0.000,  0.000, -2.569, 
609, 0, 110.799, -149.309,  0.000,  0.000,  0.000, -2.628, 
610, 0, 110.448, -149.477,  0.000,  0.000,  0.000, -2.704, 
611, 0, 110.082, -149.610,  0.000,  0.000,  0.000, -2.806, 
612, 0, 109.711, -149.727,  0.000,  0.000,  0.000, -2.838, 
613, 0, 109.334, -149.831,  0.000,  0.000,  0.000, -2.875, 
614, 0, 108.951, -149.920,  0.000,  0.000,  0.000, -2.911, 
615, 0, 108.572, -150.001,  0.000,  0.000,  0.000, -2.927, 
616, 0, 108.187, -150.077,  0.000,  0.000,  0.000, -2.955, 
617, 0, 107.797, -150.123,  0.000,  0.000,  0.000, -3.030, 
618, 0, 107.404, -150.159,  0.000,  0.000,  0.000, -3.054, 
619, 0, 107.009, -150.183,  0.000,  0.000,  0.000, -3.079, 
620, 0, 106.615, -150.206,  0.000,  0.000,  0.000, -3.085, 
621, 0, 106.220, -150.227,  0.000,  0.000,  0.000, -3.085, 
622, 0, 105.824, -150.255,  0.000,  0.000,  0.000, -3.072, 
623, 0, 105.433, -150.274,  0.000,  0.000,  0.000, -3.096, 
624, 0, 105.038, -150.290,  0.000,  0.000,  0.000, -3.100, 
625, 0, 104.644, -150.301,  0.000,  0.000,  0.000, -3.120, 
626, 0, 104.249, -150.299,  0.000,  0.000, -0.000,  3.141, 
627, 0, 103.853, -150.294,  0.000,  0.000, -0.000,  3.125, 
628, 0, 103.474, -150.284,  0.000,  0.000, -0.000,  3.115, 
629, 0, 103.080, -150.268,  0.000,  0.000, -0.000,  3.102, 
630, 0, 102.693, -150.250,  0.000,  0.000, -0.000,  3.093, 
631, 0, 102.303, -150.230,  0.000,  0.000, -0.000,  3.092, 
632, 0, 101.911, -150.217,  0.000,  0.000, -0.000,  3.112, 
633, 0, 101.515, -150.216,  0.000,  0.000, -0.000,  3.138, 
634, 0, 101.113, -150.216,  0.000,  0.000,  0.000, -3.141, 
635, 0, 100.719, -150.218,  0.000,  0.000,  0.000, -3.136, 
636, 0, 100.326, -150.217,  0.000,  0.000, -0.000,  3.137, 
637, 0, 99.941, -150.212,  0.000,  0.000, -0.000,  3.129, 
638, 0, 99.539, -150.195,  0.000,  0.000, -0.000,  3.098, 
639, 0, 99.145, -150.176,  0.000,  0.000, -0.000,  3.094, 
640, 0, 98.752, -150.168,  0.000,  0.000, -0.000,  3.125, 
641, 0, 98.367, -150.168,  0.000,  0.000, -0.000,  3.142, 
642, 0, 97.975, -150.173,  0.000,  0.000,  0.000, -3.127, 
643, 0, 97.580, -150.172,  0.000,  0.000, -0.000,  3.135, 
644, 0, 97.186, -150.166,  0.000,  0.000, -0.000,  3.127, 
645, 0, 96.789, -150.159,  0.000,  0.000, -0.000,  3.127, 
646, 0, 96.397, -150.149,  0.000,  0.000, -0.000,  3.122, 
647, 0, 96.002, -150.147,  0.000,  0.000, -0.000,  3.138, 
648, 0, 95.608, -150.141,  0.000,  0.000, -0.000,  3.121, 
649, 0, 95.212, -150.127,  0.000,  0.000, -0.000,  3.107, 
650, 0, 94.816, -150.117,  0.000,  0.000, -0.000,  3.120, 
651, 0, 94.419, -150.108,  0.000,  0.000, -0.000,  3.117, 
652, 0, 94.031, -150.093,  0.000,  0.000, -0.000,  3.102, 
653, 0, 93.633, -150.074,  0.000,  0.000, -0.000,  3.094, 
654, 0, 93.230, -150.054,  0.000,  0.000, -0.000,  3.092, 
655, 0, 92.843, -150.042,  0.000,  0.000, -0.000,  3.113, 
656, 0, 92.448, -150.031,  0.000,  0.000, -0.000,  3.120, 
657, 0, 92.055, -150.031,  0.000,  0.000, -0.000,  3.136, 
658, 0, 91.663, -150.027,  0.000,  0.000, -0.000,  3.132, 
659, 0, 91.269, -150.018,  0.000,  0.000, -0.000,  3.118, 
660, 0, 90.876, -150.008,  0.000,  0.000, -0.000,  3.118, 
661, 0, 90.480, -149.989,  0.000,  0.000, -0.000,  3.092, 
662, 0, 90.087, -149.966,  0.000,  0.000, -0.000,  3.086, 
663, 0, 89.700, -149.941,  0.000,  0.000, -0.000,  3.074, 
664, 0, 89.307, -149.908,  0.000,  0.000, -0.000,  3.057, 
665, 0, 88.915, -149.870,  0.000,  0.000, -0.000,  3.043, 
666, 0, 88.528, -149.826,  0.000,  0.000, -0.000,  3.030, 
667, 0, 88.134, -149.796,  0.000,  0.000, -0.000,  3.069, 
668, 0, 87.744, -149.769,  0.000,  0.000, -0.000,  3.071, 
669, 0, 87.352, -149.741,  0.000,  0.000, -0.000,  3.071, 
670, 0, 86.959, -149.716,  0.000,  0.000, -0.000,  3.077, 
671, 0, 86.567, -149.692,  0.000,  0.000, -0.000,  3.082, 
672, 0, 86.174, -149.676,  0.000,  0.000, -0.000,  3.105, 
673, 0, 85.777, -149.666,  0.000,  0.000, -0.000,  3.115, 
674, 0, 85.382, -149.656,  0.000,  0.000, -0.000,  3.118, 
675, 0, 84.988, -149.648,  0.000,  0.000, -0.000,  3.122, 
676, 0, 84.595, -149.634,  0.000,  0.000, -0.000,  3.100, 
677, 0, 84.201, -149.618,  0.000,  0.000, -0.000,  3.100, 
678, 0, 83.808, -149.603,  0.000,  0.000, -0.000,  3.101, 
679, 0, 83.413, -149.587,  0.000,  0.000, -0.000,  3.103, 
680, 0, 83.018, -149.572,  0.000,  0.000, -0.000,  3.100, 
681, 0, 82.625, -149.555,  0.000,  0.000, -0.000,  3.097, 
682, 0, 82.230, -149.536,  0.000,  0.000, -0.000,  3.092, 
683, 0, 81.839, -149.518,  0.000,  0.000, -0.000,  3.099, 
684, 0, 81.442, -149.512,  0.000,  0.000, -0.000,  3.129, 
685, 0, 81.045, -149.514,  0.000,  0.000,  0.000, -3.140, 
686, 0, 80.654, -149.514,  0.000,  0.000, -0.000,  3.141, 
687, 0, 80.258, -149.506,  0.000,  0.000, -0.000,  3.122, 
688, 0, 79.862, -149.500,  0.000,  0.000, -0.000,  3.125, 
689, 0, 79.469, -149.497,  0.000,  0.000, -0.000,  3.135, 
690, 0, 79.074, -149.494,  0.000,  0.000, -0.000,  3.131, 
691, 0, 78.678, -149.489,  0.000,  0.000, -0.000,  3.130, 
692, 0, 78.290, -149.483,  0.000,  0.000, -0.000,  3.124, 
693, 0, 77.896, -149.475,  0.000,  0.000, -0.000,  3.121, 
694, 0, 77.502, -149.457,  0.000,  0.000, -0.000,  3.095, 
695, 0, 77.109, -149.444,  0.000,  0.000, -0.000,  3.112, 
696, 0, 76.712, -149.437,  0.000,  0.000, -0.000,  3.122, 
697, 0, 76.318, -149.429,  0.000,  0.000, -0.000,  3.125, 
698, 0, 75.922, -149.443,  0.000,  0.000,  0.000, -3.113, 
699, 0, 75.527, -149.449,  0.000,  0.000,  0.000, -3.131, 
700, 0, 75.120, -149.445,  0.000,  0.000, -0.000,  3.134, 
701, 0, 74.732, -149.435,  0.000,  0.000, -0.000,  3.115, 
702, 0, 74.338, -149.420,  0.000,  0.000, -0.000,  3.101, 
703, 0, 73.944, -149.403,  0.000,  0.000, -0.000,  3.097, 
704, 0, 73.552, -149.388,  0.000,  0.000, -0.000,  3.109, 
705, 0, 73.155, -149.384,  0.000,  0.000, -0.000,  3.128, 
706, 0, 72.760, -149.381,  0.000,  0.000, -0.000,  3.140, 
707, 0, 72.364, -149.387,  0.000,  0.000,  0.000, -3.130, 
708, 0, 71.969, -149.397,  0.000,  0.000,  0.000, -3.117, 
709, 0, 71.585, -149.399,  0.000,  0.000,  0.000, -3.138, 
710, 0, 71.189, -149.396,  0.000,  0.000, -0.000,  3.135, 
711, 0, 70.796, -149.388,  0.000,  0.000, -0.000,  3.120, 
712, 0, 70.401, -149.375,  0.000,  0.000, -0.000,  3.111, 
713, 0, 70.006, -149.370,  0.000,  0.000, -0.000,  3.127, 
714, 0, 69.604, -149.363,  0.000,  0.000, -0.000,  3.124, 
715, 0, 69.214, -149.343,  0.000,  0.000, -0.000,  3.088, 
716, 0, 68.826, -149.322,  0.000,  0.000, -0.000,  3.087, 
717, 0, 68.429, -149.302,  0.000,  0.000, -0.000,  3.096, 
718, 0, 68.032, -149.292,  0.000,  0.000, -0.000,  3.114, 
719, 0, 67.636, -149.284,  0.000,  0.000, -0.000,  3.119, 
720, 0, 67.243, -149.279,  0.000,  0.000, -0.000,  3.129, 
721, 0, 66.845, -149.274,  0.000,  0.000, -0.000,  3.130, 
722, 0, 66.450, -149.273,  0.000,  0.000, -0.000,  3.141, 
723, 0, 66.054, -149.267,  0.000,  0.000, -0.000,  3.125, 
724, 0, 65.675, -149.253,  0.000,  0.000, -0.000,  3.105, 
725, 0, 65.280, -149.232,  0.000,  0.000, -0.000,  3.088, 
726, 0, 64.886, -149.204,  0.000,  0.000, -0.000,  3.068, 
727, 0, 64.499, -149.175,  0.000,  0.000, -0.000,  3.066, 
728, 0, 64.104, -149.148,  0.000,  0.000, -0.000,  3.074, 
729, 0, 63.708, -149.123,  0.000,  0.000, -0.000,  3.083, 
730, 0, 63.305, -149.106,  0.000,  0.000, -0.000,  3.097, 
731, 0, 62.916, -149.087,  0.000,  0.000, -0.000,  3.091, 
732, 0, 62.520, -149.064,  0.000,  0.000, -0.000,  3.085, 
733, 0, 62.124, -149.040,  0.000,  0.000, -0.000,  3.083, 
734, 0, 61.729, -149.020,  0.000,  0.000, -0.000,  3.095, 
735, 0, 61.333, -149.009,  0.000,  0.000, -0.000,  3.111, 
736, 0, 60.937, -148.996,  0.000,  0.000, -0.000,  3.106, 
737, 0, 60.538, -148.974,  0.000,  0.000, -0.000,  3.089, 
738, 0, 60.139, -148.953,  0.000,  0.000, -0.000,  3.088, 
739, 0, 59.749, -148.923,  0.000,  0.000, -0.000,  3.059, 
740, 0, 59.353, -148.879,  0.000,  0.000, -0.000,  3.037, 
741, 0, 58.959, -148.836,  0.000,  0.000, -0.000,  3.030, 
742, 0, 58.567, -148.790,  0.000,  0.000, -0.000,  3.026, 
743, 0, 58.175, -148.744,  0.000,  0.000, -0.000,  3.027, 
744, 0, 57.792, -148.695,  0.000,  0.000, -0.000,  3.015, 
745, 0, 57.402, -148.646,  0.000,  0.000, -0.000,  3.015, 
746, 0, 57.012, -148.599,  0.000,  0.000, -0.000,  3.026, 
747, 0, 56.618, -148.558,  0.000,  0.000, -0.000,  3.038, 
748, 0, 56.226, -148.522,  0.000,  0.000, -0.000,  3.051, 
749, 0, 55.834, -148.501,  0.000,  0.000, -0.000,  3.089, 
750, 0, 55.440, -148.480,  0.000,  0.000, -0.000,  3.093, 
751, 0, 55.046, -148.468,  0.000,  0.000, -0.000,  3.110, 
752, 0, 54.652, -148.459,  0.000,  0.000, -0.000,  3.120, 
753, 0, 54.256, -148.460,  0.000,  0.000, -0.000,  3.141, 
754, 0, 53.858, -148.463,  0.000,  0.000,  0.000, -3.128, 
755, 0, 53.463, -148.473,  0.000,  0.000,  0.000, -3.121, 
756, 0, 53.069, -148.472,  0.000,  0.000, -0.000,  3.138, 
757, 0, 52.671, -148.465,  0.000,  0.000, -0.000,  3.124, 
758, 0, 52.275, -148.451,  0.000,  0.000, -0.000,  3.104, 
759, 0, 51.880, -148.433,  0.000,  0.000, -0.000,  3.098, 
760, 0, 51.490, -148.413,  0.000,  0.000, -0.000,  3.086, 
761, 0, 51.100, -148.381,  0.000,  0.000, -0.000,  3.060, 
762, 0, 50.711, -148.350,  0.000,  0.000, -0.000,  3.067, 
763, 0, 50.329, -148.327,  0.000,  0.000, -0.000,  3.081, 
764, 0, 49.938, -148.307,  0.000,  0.000, -0.000,  3.092, 
765, 0, 49.548, -148.295,  0.000,  0.000, -0.000,  3.110, 
766, 0, 49.158, -148.287,  0.000,  0.000, -0.000,  3.122, 
767, 0, 48.760, -148.282,  0.000,  0.000, -0.000,  3.130, 
768, 0, 48.373, -148.278,  0.000,  0.000, -0.000,  3.129, 
769, 0, 47.978, -148.270,  0.000,  0.000, -0.000,  3.120, 
770, 0, 47.579, -148.259,  0.000,  0.000, -0.000,  3.114, 
771, 0, 47.183, -148.247,  0.000,  0.000, -0.000,  3.113, 
772, 0, 46.777, -148.232,  0.000,  0.000, -0.000,  3.095, 
773, 0, 46.376, -148.198,  0.000,  0.000, -0.000,  3.058, 
774, 0, 45.975, -148.169,  0.000,  0.000, -0.000,  3.074, 
775, 0, 45.572, -148.148,  0.000,  0.000, -0.000,  3.088, 
776, 0, 45.178, -148.135,  0.000,  0.000, -0.000,  3.110, 
777, 0, 44.776, -148.128,  0.000,  0.000, -0.000,  3.124, 
778, 0, 44.385, -148.158,  0.000,  0.000,  0.000, -3.093, 
779, 0, 43.988, -148.171,  0.000,  0.000,  0.000, -3.110, 
780, 0, 43.609, -148.188,  0.000,  0.000,  0.000, -3.088, 
781, 0, 43.222, -148.240,  0.000,  0.000,  0.000, -3.025, 
782, 0, 42.839, -148.286,  0.000,  0.000,  0.000, -3.028, 
783, 0, 42.453, -148.320,  0.000,  0.000,  0.000, -3.056, 
784, 0, 42.060, -148.349,  0.000,  0.000,  0.000, -3.066, 
785, 0, 41.670, -148.371,  0.000,  0.000,  0.000, -3.087, 
786, 0, 41.279, -148.384,  0.000,  0.000,  0.000, -3.112, 
787, 0, 40.885, -148.387,  0.000,  0.000,  0.000, -3.140, 
788, 0, 40.492, -148.379,  0.000,  0.000, -0.000,  3.125, 
789, 0, 40.099, -148.369,  0.000,  0.000, -0.000,  3.115, 
790, 0, 39.703, -148.357,  0.000,  0.000, -0.000,  3.116, 
791, 0, 39.309, -148.345,  0.000,  0.000, -0.000,  3.107, 
792, 0, 38.914, -148.327,  0.000,  0.000, -0.000,  3.095, 
793, 0, 38.522, -148.309,  0.000,  0.000, -0.000,  3.098, 
794, 0, 38.128, -148.306,  0.000,  0.000, -0.000,  3.134, 
795, 0, 37.733, -148.306,  0.000,  0.000,  0.000, -3.139, 
796, 0, 37.345, -148.299,  0.000,  0.000, -0.000,  3.121, 
797, 0, 36.973, -148.290,  0.000,  0.000, -0.000,  3.121, 
798, 0, 36.583, -148.288,  0.000,  0.000, -0.000,  3.136, 
799, 0, 36.185, -148.287,  0.000,  0.000, -0.000,  3.131, 
800, 0, 35.781, -148.281,  0.000,  0.000, -0.000,  3.131, 
801, 0, 35.392, -148.275,  0.000,  0.000, -0.000,  3.127, 
802, 0, 34.992, -148.272,  0.000,  0.000, -0.000,  3.135, 
803, 0, 34.593, -148.268,  0.000,  0.000, -0.000,  3.133, 
804, 0, 34.195, -148.263,  0.000,  0.000, -0.000,  3.129, 
805, 0, 33.797, -148.259,  0.000,  0.000, -0.000,  3.127, 
806, 0, 33.401, -148.248,  0.000,  0.000, -0.000,  3.114, 
807, 0, 33.006, -148.230,  0.000,  0.000, -0.000,  3.095, 
808, 0, 32.608, -148.206,  0.000,  0.000, -0.000,  3.083, 
809, 0, 32.228, -148.185,  0.000,  0.000, -0.000,  3.090, 
810, 0, 31.831, -148.167,  0.000,  0.000, -0.000,  3.093, 
811, 0, 31.435, -148.143,  0.000,  0.000, -0.000,  3.084, 
812, 0, 31.037, -148.125,  0.000,  0.000, -0.000,  3.099, 
813, 0, 30.639, -148.104,  0.000,  0.000, -0.000,  3.080, 
814, 0, 30.244, -148.068,  0.000,  0.000, -0.000,  3.048, 
815, 0, 29.848, -148.024,  0.000,  0.000, -0.000,  3.034, 
816, 0, 29.455, -147.976,  0.000,  0.000, -0.000,  3.021, 
817, 0, 29.069, -147.943,  0.000,  0.000, -0.000,  3.060, 
818, 0, 28.673, -147.919,  0.000,  0.000, -0.000,  3.085, 
819, 0, 28.278, -147.903,  0.000,  0.000, -0.000,  3.100, 
820, 0, 27.885, -147.891,  0.000,  0.000, -0.000,  3.109, 
821, 0, 27.491, -147.876,  0.000,  0.000, -0.000,  3.101, 
822, 0, 27.097, -147.856,  0.000,  0.000, -0.000,  3.091, 
823, 0, 26.700, -147.832,  0.000,  0.000, -0.000,  3.080, 
824, 0, 26.305, -147.805,  0.000,  0.000, -0.000,  3.072, 
825, 0, 25.912, -147.773,  0.000,  0.000, -0.000,  3.059, 
826, 0, 25.517, -147.733,  0.000,  0.000, -0.000,  3.043, 
827, 0, 25.120, -147.693,  0.000,  0.000, -0.000,  3.038, 
828, 0, 24.734, -147.652,  0.000,  0.000, -0.000,  3.036, 
829, 0, 24.340, -147.608,  0.000,  0.000, -0.000,  3.029, 
830, 0, 23.945, -147.564,  0.000,  0.000, -0.000,  3.037, 
831, 0, 23.550, -147.528,  0.000,  0.000, -0.000,  3.051, 
832, 0, 23.154, -147.496,  0.000,  0.000, -0.000,  3.057, 
833, 0, 22.758, -147.469,  0.000,  0.000, -0.000,  3.075, 
834, 0, 22.362, -147.447,  0.000,  0.000, -0.000,  3.085, 
835, 0, 21.967, -147.425,  0.000,  0.000, -0.000,  3.089, 
836, 0, 21.571, -147.409,  0.000,  0.000, -0.000,  3.100, 
837, 0, 21.185, -147.389,  0.000,  0.000, -0.000,  3.086, 
838, 0, 20.797, -147.363,  0.000,  0.000, -0.000,  3.074, 
839, 0, 20.394, -147.330,  0.000,  0.000, -0.000,  3.059, 
840, 0, 20.006, -147.292,  0.000,  0.000, -0.000,  3.046, 
841, 0, 19.614, -147.251,  0.000,  0.000, -0.000,  3.042, 
842, 0, 19.218, -147.222,  0.000,  0.000, -0.000,  3.067, 
843, 0, 18.829, -147.197,  0.000,  0.000, -0.000,  3.079, 
844, 0, 18.435, -147.177,  0.000,  0.000, -0.000,  3.089, 
845, 0, 18.045, -147.163,  0.000,  0.000, -0.000,  3.109, 
846, 0, 17.663, -147.158,  0.000,  0.000, -0.000,  3.125, 
847, 0, 17.274, -147.155,  0.000,  0.000, -0.000,  3.135, 
848, 0, 16.877, -147.155,  0.000,  0.000, -0.000,  3.140, 
849, 0, 16.479, -147.157,  0.000,  0.000,  0.000, -3.134, 
850, 0, 16.083, -147.163,  0.000,  0.000,  0.000, -3.125, 
851, 0, 15.688, -147.174,  0.000,  0.000,  0.000, -3.114, 
852, 0, 15.293, -147.191,  0.000,  0.000,  0.000, -3.101, 
853, 0, 14.897, -147.212,  0.000,  0.000,  0.000, -3.086, 
854, 0, 14.503, -147.234,  0.000,  0.000,  0.000, -3.082, 
855, 0, 14.111, -147.260,  0.000,  0.000,  0.000, -3.079, 
856, 0, 13.719, -147.286,  0.000,  0.000,  0.000, -3.075, 
857, 0, 13.325, -147.304,  0.000,  0.000,  0.000, -3.098, 
858, 0, 12.931, -147.306,  0.000,  0.000, -0.000,  3.130, 
859, 0, 12.533, -147.273,  0.000,  0.000, -0.000,  3.064, 
860, 0, 12.143, -147.244,  0.000,  0.000, -0.000,  3.065, 
861, 0, 11.744, -147.212,  0.000,  0.000, -0.000,  3.064, 
862, 0, 11.348, -147.187,  0.000,  0.000, -0.000,  3.081, 
863, 0, 10.963, -147.171,  0.000,  0.000, -0.000,  3.098, 
864, 0, 10.565, -147.159,  0.000,  0.000, -0.000,  3.110, 
865, 0, 10.169, -147.148,  0.000,  0.000, -0.000,  3.114, 
866, 0,  9.778, -147.140,  0.000,  0.000, -0.000,  3.121, 
867, 0,  9.383, -147.134,  0.000,  0.000, -0.000,  3.127, 
868, 0,  8.987, -147.128,  0.000,  0.000, -0.000,  3.129, 
869, 0,  8.592, -147.125,  0.000,  0.000, -0.000,  3.133, 
870, 0,  8.194, -147.120,  0.000,  0.000, -0.000,  3.127, 
871, 0,  7.806, -147.111,  0.000,  0.000, -0.000,  3.118, 
872, 0,  7.422, -147.104,  0.000,  0.000, -0.000,  3.122, 
873, 0,  7.028, -147.092,  0.000,  0.000, -0.000,  3.107, 
874, 0,  6.642, -147.072,  0.000,  0.000, -0.000,  3.094, 
875, 0,  6.248, -147.051,  0.000,  0.000, -0.000,  3.088, 
876, 0,  5.854, -147.031,  0.000,  0.000, -0.000,  3.093, 
877, 0,  5.460, -147.013,  0.000,  0.000, -0.000,  3.095, 
878, 0,  5.083, -147.004,  0.000,  0.000, -0.000,  3.120, 
879, 0,  4.690, -147.000,  0.000,  0.000, -0.000,  3.130, 
880, 0,  4.296, -147.002,  0.000,  0.000,  0.000, -3.128, 
881, 0,  3.902, -147.018,  0.000,  0.000,  0.000, -3.103, 
882, 0,  3.512, -147.055,  0.000,  0.000,  0.000, -3.033, 
883, 0,  3.124, -147.104,  0.000,  0.000,  0.000, -3.023, 
884, 0,  2.731, -147.153,  0.000,  0.000,  0.000, -3.018, 
885, 0,  2.341, -147.204,  0.000,  0.000,  0.000, -3.011, 
886, 0,  1.961, -147.250,  0.000,  0.000,  0.000, -3.024, 
887, 0,  1.575, -147.284,  0.000,  0.000,  0.000, -3.059, 
888, 0,  1.189, -147.274,  0.000,  0.000, -0.000,  3.123, 
889, 0,  0.795, -147.262,  0.000,  0.000, -0.000,  3.113, 
890, 0,  0.400, -147.250,  0.000,  0.000, -0.000,  3.110, 
891, 0,  0.006, -147.226,  0.000,  0.000, -0.000,  3.083, 
892, 0, -0.386, -147.195,  0.000,  0.000, -0.000,  3.063, 
893, 0, -0.777, -147.156,  0.000,  0.000, -0.000,  3.043, 
894, 0, -1.167, -147.116,  0.000,  0.000, -0.000,  3.040, 
895, 0, -1.556, -147.079,  0.000,  0.000, -0.000,  3.045, 
896, 0, -1.947, -147.049,  0.000,  0.000, -0.000,  3.068, 
897, 0, -2.350, -147.022,  0.000,  0.000, -0.000,  3.075, 
898, 0, -2.734, -146.998,  0.000,  0.000, -0.000,  3.078, 
899, 0, -3.132, -146.977,  0.000,  0.000, -0.000,  3.094, 
900, 0, -3.529, -146.965,  0.000,  0.000, -0.000,  3.113, 
901, 0, -3.923, -146.958,  0.000,  0.000, -0.000,  3.122, 
902, 0, -4.318, -146.947,  0.000,  0.000, -0.000,  3.118, 
903, 0, -4.714, -146.937,  0.000,  0.000, -0.000,  3.114, 
904, 0, -5.108, -146.930,  0.000,  0.000, -0.000,  3.127, 
905, 0, -5.498, -146.930,  0.000,  0.000, -0.000,  3.137, 
906, 0, -5.904, -146.925,  0.000,  0.000, -0.000,  3.132, 
907, 0, -6.292, -146.918,  0.000,  0.000, -0.000,  3.122, 
908, 0, -6.687, -146.907,  0.000,  0.000, -0.000,  3.114, 
909, 0, -7.083, -146.894,  0.000,  0.000, -0.000,  3.109, 
910, 0, -7.477, -146.883,  0.000,  0.000, -0.000,  3.112, 
911, 0, -7.873, -146.862,  0.000,  0.000, -0.000,  3.085, 
912, 0, -8.267, -146.814,  0.000,  0.000, -0.000,  3.002, 
913, 0, -8.657, -146.742,  0.000,  0.000, -0.000,  2.957, 
914, 0, -9.043, -146.660,  0.000,  0.000, -0.000,  2.926, 
915, 0, -9.424, -146.546,  0.000,  0.000, -0.000,  2.844, 
916, 0, -9.798, -146.412,  0.000,  0.000, -0.000,  2.795, 
917, 0, -10.158, -146.266,  0.000,  0.000, -0.000,  2.757, 
918, 0, -10.522, -146.106,  0.000,  0.000, -0.000,  2.724, 
919, 0, -10.869, -145.937,  0.000,  0.000, -0.000,  2.680, 
920, 0, -11.215, -145.726,  0.000,  0.000, -0.000,  2.579, 
921, 0, -11.545, -145.507,  0.000,  0.000, -0.000,  2.561, 
922, 0, -11.869, -145.292,  0.000,  0.000, -0.000,  2.554, 
923, 0, -12.199, -145.071,  0.000,  0.000, -0.000,  2.552, 
924, 0, -12.528, -144.845,  0.000,  0.000, -0.000,  2.536, 
925, 0, -12.847, -144.606,  0.000,  0.000, -0.000,  2.496, 
926, 0, -13.153, -144.353,  0.000,  0.000, -0.000,  2.444, 
927, 0, -13.453, -144.096,  0.000,  0.000, -0.000,  2.433, 
928, 0, -13.748, -143.834,  0.000,  0.000, -0.000,  2.411, 
929, 0, -14.031, -143.565,  0.000,  0.000, -0.000,  2.377, 
930, 0, -14.290, -143.262,  0.000,  0.000, -0.000,  2.267, 
931, 0, -14.496, -142.953,  0.000,  0.000, -0.000,  2.137, 
932, 0, -14.647, -142.592,  0.000,  0.000, -0.000,  1.954, 
933, 0, -14.757, -142.225,  0.000,  0.000, -0.000,  1.843, 
934, 0, -14.816, -141.835,  0.000,  0.000, -0.000,  1.727, 
935, 0, -14.864, -141.442,  0.000,  0.000, -0.000,  1.687, 
936, 0, -14.889, -141.047,  0.000,  0.000, -0.000,  1.622, 
937, 0, -14.873, -140.646,  0.000,  0.000, -0.000,  1.535, 
938, 0, -14.818, -140.304,  0.000,  0.000, -0.000,  1.389, 
939, 0, -14.661, -139.948,  0.000,  0.000, -0.000,  1.147, 
940, 0, -14.490, -139.591,  0.000,  0.000, -0.000,  1.129, 
941, 0, -14.322, -139.238,  0.000,  0.000, -0.000,  1.135, 
942, 0, -14.159, -138.878,  0.000,  0.000, -0.000,  1.140, 
943, 0, -14.006, -138.519,  0.000,  0.000, -0.000,  1.174, 
944, 0, -13.886, -138.204,  0.000,  0.000, -0.000,  1.208, 
945, 0, -13.834, -137.890,  0.000,  0.000, -0.000,  1.408, 
946, 0, -13.864, -137.498,  0.000,  0.000, -0.000,  1.632, 
947, 0, -13.890, -137.106,  0.000,  0.000, -0.000,  1.639, 
948, 0, -13.921, -136.715,  0.000,  0.000, -0.000,  1.654, 
949, 0, -13.949, -136.326,  0.000,  0.000, -0.000,  1.631, 
950, 0, -13.945, -135.934,  0.000,  0.000, -0.000,  1.564, 
951, 0, -13.941, -135.555,  0.000,  0.000, -0.000,  1.552, 
952, 0, -13.954, -135.180,  0.000,  0.000, -0.000,  1.615, 
953, 0, -13.984, -134.788,  0.000,  0.000, -0.000,  1.646, 
954, 0, -14.020, -134.395,  0.000,  0.000, -0.000,  1.666, 
955, 0, -14.061, -134.006,  0.000,  0.000, -0.000,  1.677, 
956, 0, -14.103, -133.626,  0.000,  0.000, -0.000,  1.678, 
957, 0, -14.131, -133.237,  0.000,  0.000, -0.000,  1.638, 
958, 0, -14.153, -132.848,  0.000,  0.000, -0.000,  1.625, 
959, 0, -14.161, -132.456,  0.000,  0.000, -0.000,  1.582, 
960, 0, -14.152, -132.059,  0.000,  0.000, -0.000,  1.557, 
961, 0, -14.145, -131.664,  0.000,  0.000, -0.000,  1.554, 
962, 0, -14.149, -131.260,  0.000,  0.000, -0.000,  1.582, 
963, 0, -14.160, -130.871,  0.000,  0.000, -0.000,  1.599, 
964, 0, -14.182, -130.476,  0.000,  0.000, -0.000,  1.633, 
965, 0, -14.217, -130.088,  0.000,  0.000, -0.000,  1.657, 
966, 0, -14.252, -129.685,  0.000,  0.000, -0.000,  1.660, 
967, 0, -14.288, -129.314,  0.000,  0.000, -0.000,  1.664, 
968, 0, -14.312, -128.918,  0.000,  0.000, -0.000,  1.624, 
969, 0, -14.320, -128.517,  0.000,  0.000, -0.000,  1.596, 
970, 0, -14.312, -128.120,  0.000,  0.000, -0.000,  1.541, 
971, 0, -14.278, -127.724,  0.000,  0.000, -0.000,  1.491, 
972, 0, -14.241, -127.329,  0.000,  0.000, -0.000,  1.474, 
973, 0, -14.198, -126.940,  0.000,  0.000, -0.000,  1.464, 
974, 0, -14.161, -126.547,  0.000,  0.000, -0.000,  1.479, 
975, 0, -14.130, -126.150,  0.000,  0.000, -0.000,  1.492, 
976, 0, -14.109, -125.750,  0.000,  0.000, -0.000,  1.521, 
977, 0, -14.094, -125.354,  0.000,  0.000, -0.000,  1.536, 
978, 0, -14.084, -124.965,  0.000,  0.000, -0.000,  1.543, 
979, 0, -14.078, -124.568,  0.000,  0.000, -0.000,  1.556, 
980, 0, -14.076, -124.180,  0.000,  0.000, -0.000,  1.565, 
981, 0, -14.077, -123.786,  0.000,  0.000, -0.000,  1.577, 
982, 0, -14.087, -123.389,  0.000,  0.000, -0.000,  1.599, 
983, 0, -14.097, -122.993,  0.000,  0.000, -0.000,  1.598, 
984, 0, -14.115, -122.598,  0.000,  0.000, -0.000,  1.618, 
985, 0, -14.137, -122.205,  0.000,  0.000, -0.000,  1.628, 
986, 0, -14.164, -121.813,  0.000,  0.000, -0.000,  1.640, 
987, 0, -14.194, -121.414,  0.000,  0.000, -0.000,  1.643, 
988, 0, -14.221, -121.028,  0.000,  0.000, -0.000,  1.641, 
989, 0, -14.244, -120.633,  0.000,  0.000, -0.000,  1.629, 
990, 0, -14.264, -120.232,  0.000,  0.000, -0.000,  1.616, 
991, 0, -14.275, -119.850,  0.000,  0.000, -0.000,  1.600, 
992, 0, -14.283, -119.454,  0.000,  0.000, -0.000,  1.591, 
993, 0, -14.291, -119.059,  0.000,  0.000, -0.000,  1.589, 
994, 0, -14.299, -118.665,  0.000,  0.000, -0.000,  1.592, 
995, 0, -14.300, -118.286,  0.000,  0.000, -0.000,  1.568, 
996, 0, -14.301, -117.890,  0.000,  0.000, -0.000,  1.573, 
997, 0, -14.297, -117.509,  0.000,  0.000, -0.000,  1.561, 
998, 0, -14.292, -117.149,  0.000,  0.000, -0.000,  1.560, 
999, 0, -14.285, -116.822,  0.000,  0.000, -0.000,  1.549, 
1000, 0, -14.281, -116.556,  0.000,  0.000, -0.000,  1.557, 
1001, 0, -14.276, -116.307,  0.000,  0.000, -0.000,  1.553, 
1002, 0, -14.273, -116.049,  0.000,  0.000, -0.000,  1.562, 
1003, 0, -14.270, -115.809,  0.000,  0.000, -0.000,  1.561, 
1004, 0, -14.266, -115.559,  0.000,  0.000, -0.000,  1.556, 
1005, 0, -14.261, -115.276,  0.000,  0.000, -0.000,  1.558, 
1006, 0, -14.262, -114.933,  0.000,  0.000, -0.000,  1.576, 
1007, 0, -14.278, -114.546,  0.000,  0.000, -0.000,  1.611, 
1008, 0, -14.306, -114.163,  0.000,  0.000, -0.000,  1.648, 
1009, 0, -14.376, -113.796,  0.000,  0.000, -0.000,  1.782, 
1010, 0, -14.519, -113.425,  0.000,  0.000, -0.000,  1.929, 
1011, 0, -14.667, -113.057,  0.000,  0.000, -0.000,  1.954, 
1012, 0, -14.820, -112.689,  0.000,  0.000, -0.000,  1.964, 
1013, 0, -14.971, -112.325,  0.000,  0.000, -0.000,  1.958, 
1014, 0, -15.108, -111.959,  0.000,  0.000, -0.000,  1.928, 
1015, 0, -15.236, -111.594,  0.000,  0.000, -0.000,  1.909, 
1016, 0, -15.338, -111.214,  0.000,  0.000, -0.000,  1.826, 
1017, 0, -15.427, -110.836,  0.000,  0.000, -0.000,  1.802, 
1018, 0, -15.513, -110.454,  0.000,  0.000, -0.000,  1.794, 
1019, 0, -15.594, -110.067,  0.000,  0.000, -0.000,  1.774, 
1020, 0, -15.667, -109.681,  0.000,  0.000, -0.000,  1.753, 
1021, 0, -15.715, -109.292,  0.000,  0.000, -0.000,  1.679, 
1022, 0, -15.733, -108.902,  0.000,  0.000, -0.000,  1.623, 
1023, 0, -15.745, -108.508,  0.000,  0.000, -0.000,  1.604, 
1024, 0, -15.755, -108.112,  0.000,  0.000, -0.000,  1.595, 
1025, 0, -15.763, -107.716,  0.000,  0.000, -0.000,  1.590, 
1026, 0, -15.767, -107.321,  0.000,  0.000, -0.000,  1.580, 
1027, 0, -15.769, -106.925,  0.000,  0.000, -0.000,  1.577, 
1028, 0, -15.776, -106.530,  0.000,  0.000, -0.000,  1.587, 
1029, 0, -15.777, -106.143,  0.000,  0.000, -0.000,  1.572, 
1030, 0, -15.774, -105.747,  0.000,  0.000, -0.000,  1.565, 
1031, 0, -15.771, -105.352,  0.000,  0.000, -0.000,  1.565, 
1032, 0, -15.749, -104.959,  0.000,  0.000, -0.000,  1.503, 
1033, 0, -15.705, -104.575,  0.000,  0.000, -0.000,  1.459, 
1034, 0, -15.668, -104.225,  0.000,  0.000, -0.000,  1.470, 
1035, 0, -15.649, -103.843,  0.000,  0.000, -0.000,  1.520, 
1036, 0, -15.639, -103.449,  0.000,  0.000, -0.000,  1.547, 
1037, 0, -15.636, -103.054,  0.000,  0.000, -0.000,  1.562, 
1038, 0, -15.633, -102.658,  0.000,  0.000, -0.000,  1.565, 
1039, 0, -15.634, -102.262,  0.000,  0.000, -0.000,  1.572, 
1040, 0, -15.642, -101.867,  0.000,  0.000, -0.000,  1.593, 
1041, 0, -15.659, -101.475,  0.000,  0.000, -0.000,  1.620, 
1042, 0, -15.713, -101.106,  0.000,  0.000, -0.000,  1.735, 
1043, 0, -15.819, -100.723,  0.000,  0.000, -0.000,  1.834, 
1044, 0, -15.923, -100.342,  0.000,  0.000, -0.000,  1.838, 
1045, 0, -16.030, -99.961,  0.000,  0.000, -0.000,  1.847, 
1046, 0, -16.134, -99.596,  0.000,  0.000, -0.000,  1.845, 
1047, 0, -16.236, -99.216,  0.000,  0.000, -0.000,  1.834, 
1048, 0, -16.331, -98.832,  0.000,  0.000, -0.000,  1.812, 
1049, 0, -16.413, -98.452,  0.000,  0.000, -0.000,  1.775, 
1050, 0, -16.459, -98.060,  0.000,  0.000, -0.000,  1.688, 
1051, 0, -16.495, -97.668,  0.000,  0.000, -0.000,  1.657, 
1052, 0, -16.509, -97.281,  0.000,  0.000, -0.000,  1.604, 
1053, 0, -16.504, -96.887,  0.000,  0.000, -0.000,  1.553, 
1054, 0, -16.472, -96.494,  0.000,  0.000, -0.000,  1.490, 
1055, 0, -16.433, -96.100,  0.000,  0.000, -0.000,  1.473, 
1056, 0, -16.393, -95.707,  0.000,  0.000, -0.000,  1.468, 
1057, 0, -16.349, -95.322,  0.000,  0.000, -0.000,  1.453, 
1058, 0, -16.298, -94.929,  0.000,  0.000, -0.000,  1.444, 
1059, 0, -16.245, -94.537,  0.000,  0.000, -0.000,  1.436, 
1060, 0, -16.187, -94.140,  0.000,  0.000, -0.000,  1.427, 
1061, 0, -16.130, -93.764,  0.000,  0.000, -0.000,  1.422, 
1062, 0, -16.064, -93.373,  0.000,  0.000, -0.000,  1.402, 
1063, 0, -15.994, -92.984,  0.000,  0.000, -0.000,  1.392, 
1064, 0, -15.928, -92.597,  0.000,  0.000, -0.000,  1.406, 
1065, 0, -15.877, -92.216,  0.000,  0.000, -0.000,  1.442, 
1066, 0, -15.831, -91.822,  0.000,  0.000, -0.000,  1.455, 
1067, 0, -15.784, -91.419,  0.000,  0.000, -0.000,  1.453, 
1068, 0, -15.736, -91.027,  0.000,  0.000, -0.000,  1.443, 
1069, 0, -15.683, -90.644,  0.000,  0.000, -0.000,  1.441, 
1070, 0, -15.641, -90.249,  0.000,  0.000, -0.000,  1.463, 
1071, 0, -15.601, -89.856,  0.000,  0.000, -0.000,  1.469, 
1072, 0, -15.562, -89.463,  0.000,  0.000, -0.000,  1.468, 
1073, 0, -15.526, -89.068,  0.000,  0.000, -0.000,  1.481, 
1074, 0, -15.498, -88.684,  0.000,  0.000, -0.000,  1.503, 
1075, 0, -15.477, -88.287,  0.000,  0.000, -0.000,  1.518, 
1076, 0, -15.445, -87.895,  0.000,  0.000, -0.000,  1.490, 
1077, 0, -15.416, -87.500,  0.000,  0.000, -0.000,  1.497, 
1078, 0, -15.387, -87.103,  0.000,  0.000, -0.000,  1.498, 
1079, 0, -15.353, -86.715,  0.000,  0.000, -0.000,  1.479, 
1080, 0, -15.303, -86.328,  0.000,  0.000, -0.000,  1.439, 
1081, 0, -15.243, -85.939,  0.000,  0.000, -0.000,  1.424, 
1082, 0, -15.184, -85.537,  0.000,  0.000, -0.000,  1.425, 
1083, 0, -15.116, -85.162,  0.000,  0.000, -0.000,  1.390, 
1084, 0, -15.055, -84.773,  0.000,  0.000, -0.000,  1.425, 
1085, 0, -15.009, -84.380,  0.000,  0.000, -0.000,  1.449, 
1086, 0, -14.965, -83.987,  0.000,  0.000, -0.000,  1.461, 
1087, 0, -14.929, -83.586,  0.000,  0.000, -0.000,  1.483, 
1088, 0, -14.901, -83.209,  0.000,  0.000, -0.000,  1.500, 
1089, 0, -14.880, -82.813,  0.000,  0.000, -0.000,  1.519, 
1090, 0, -14.861, -82.425,  0.000,  0.000, -0.000,  1.518, 
1091, 0, -14.841, -82.031,  0.000,  0.000, -0.000,  1.526, 
1092, 0, -14.856, -81.630,  0.000,  0.000, -0.000,  1.628, 
1093, 0, -14.882, -81.253,  0.000,  0.000, -0.000,  1.631, 
1094, 0, -14.890, -80.865,  0.000,  0.000, -0.000,  1.590, 
1095, 0, -14.879, -80.472,  0.000,  0.000, -0.000,  1.540, 
1096, 0, -14.857, -80.077,  0.000,  0.000, -0.000,  1.517, 
1097, 0, -14.844, -79.684,  0.000,  0.000, -0.000,  1.543, 
1098, 0, -14.844, -79.287,  0.000,  0.000, -0.000,  1.571, 
1099, 0, -14.856, -78.894,  0.000,  0.000, -0.000,  1.604, 
1100, 0, -14.876, -78.500,  0.000,  0.000, -0.000,  1.625, 
1101, 0, -14.896, -78.107,  0.000,  0.000, -0.000,  1.618, 
1102, 0, -14.902, -77.712,  0.000,  0.000, -0.000,  1.589, 
1103, 0, -14.913, -77.316,  0.000,  0.000, -0.000,  1.589, 
1104, 0, -14.919, -76.928,  0.000,  0.000, -0.000,  1.588, 
1105, 0, -14.925, -76.537,  0.000,  0.000, -0.000,  1.585, 
1106, 0, -14.930, -76.148,  0.000,  0.000, -0.000,  1.577, 
1107, 0, -14.931, -75.756,  0.000,  0.000, -0.000,  1.580, 
1108, 0, -14.931, -75.371,  0.000,  0.000, -0.000,  1.572, 
1109, 0, -14.924, -75.009,  0.000,  0.000, -0.000,  1.535, 
1110, 0, -14.915, -74.613,  0.000,  0.000, -0.000,  1.560, 
1111, 0, -14.917, -74.222,  0.000,  0.000, -0.000,  1.575, 
1112, 0, -14.918, -73.828,  0.000,  0.000, -0.000,  1.569, 
1113, 0, -14.910, -73.433,  0.000,  0.000, -0.000,  1.557, 
1114, 0, -14.906, -73.042,  0.000,  0.000, -0.000,  1.575, 
1115, 0, -14.916, -72.657,  0.000,  0.000, -0.000,  1.592, 
1116, 0, -14.926, -72.263,  0.000,  0.000, -0.000,  1.596, 
1117, 0, -14.936, -71.868,  0.000,  0.000, -0.000,  1.595, 
1118, 0, -14.948, -71.476,  0.000,  0.000, -0.000,  1.599, 
1119, 0, -14.961, -71.082,  0.000,  0.000, -0.000,  1.606, 
1120, 0, -14.981, -70.686,  0.000,  0.000, -0.000,  1.620, 
1121, 0, -14.994, -70.304,  0.000,  0.000, -0.000,  1.601, 
1122, 0, -14.990, -69.909,  0.000,  0.000, -0.000,  1.556, 
1123, 0, -14.981, -69.516,  0.000,  0.000, -0.000,  1.551, 
1124, 0, -14.948, -69.120,  0.000,  0.000, -0.000,  1.486, 
1125, 0, -14.907, -68.730,  0.000,  0.000, -0.000,  1.471, 
1126, 0, -14.871, -68.373,  0.000,  0.000, -0.000,  1.474, 
1127, 0, -14.862, -67.984,  0.000,  0.000, -0.000,  1.546, 
1128, 0, -14.866, -67.591,  0.000,  0.000, -0.000,  1.573, 
1129, 0, -14.880, -67.201,  0.000,  0.000, -0.000,  1.621, 
1130, 0, -14.934, -66.809,  0.000,  0.000, -0.000,  1.705, 
1131, 0, -14.979, -66.415,  0.000,  0.000, -0.000,  1.686, 
1132, 0, -15.028, -66.023,  0.000,  0.000, -0.000,  1.699, 
1133, 0, -15.082, -65.642,  0.000,  0.000, -0.000,  1.711, 
1134, 0, -15.130, -65.250,  0.000,  0.000, -0.000,  1.700, 
1135, 0, -15.177, -64.863,  0.000,  0.000, -0.000,  1.684, 
1136, 0, -15.206, -64.471,  0.000,  0.000, -0.000,  1.641, 
1137, 0, -15.205, -64.076,  0.000,  0.000, -0.000,  1.571, 
1138, 0, -15.187, -63.681,  0.000,  0.000, -0.000,  1.527, 
1139, 0, -15.163, -63.294,  0.000,  0.000, -0.000,  1.509, 
1140, 0, -15.132, -62.892,  0.000,  0.000, -0.000,  1.492, 
1141, 0, -15.094, -62.499,  0.000,  0.000, -0.000,  1.476, 
1142, 0, -15.058, -62.111,  0.000,  0.000, -0.000,  1.479, 
1143, 0, -15.019, -61.711,  0.000,  0.000, -0.000,  1.474, 
1144, 0, -14.982, -61.324,  0.000,  0.000, -0.000,  1.477, 
1145, 0, -14.938, -60.933,  0.000,  0.000, -0.000,  1.456, 
1146, 0, -14.921, -60.533,  0.000,  0.000, -0.000,  1.543, 
1147, 0, -14.921, -60.148,  0.000,  0.000, -0.000,  1.564, 
1148, 0, -14.887, -59.755,  0.000,  0.000, -0.000,  1.493, 
1149, 0, -14.855, -59.370,  0.000,  0.000, -0.000,  1.486, 
1150, 0, -14.816, -58.979,  0.000,  0.000, -0.000,  1.471, 
1151, 0, -14.781, -58.590,  0.000,  0.000, -0.000,  1.490, 
1152, 0, -14.755, -58.204,  0.000,  0.000, -0.000,  1.501, 
1153, 0, -14.735, -57.807,  0.000,  0.000, -0.000,  1.522, 
1154, 0, -14.724, -57.413,  0.000,  0.000, -0.000,  1.548, 
1155, 0, -14.722, -57.018,  0.000,  0.000, -0.000,  1.567, 
1156, 0, -14.730, -56.624,  0.000,  0.000, -0.000,  1.597, 
1157, 0, -14.751, -56.231,  0.000,  0.000, -0.000,  1.623, 
1158, 0, -14.777, -55.845,  0.000,  0.000, -0.000,  1.635, 
1159, 0, -14.823, -55.452,  0.000,  0.000, -0.000,  1.685, 
1160, 0, -14.867, -55.059,  0.000,  0.000, -0.000,  1.685, 
1161, 0, -14.918, -54.668,  0.000,  0.000, -0.000,  1.702, 
1162, 0, -14.976, -54.278,  0.000,  0.000, -0.000,  1.717, 
1163, 0, -15.032, -53.886,  0.000,  0.000, -0.000,  1.712, 
1164, 0, -15.083, -53.493,  0.000,  0.000, -0.000,  1.693, 
1165, 0, -15.122, -53.099,  0.000,  0.000, -0.000,  1.672, 
1166, 0, -15.155, -52.703,  0.000,  0.000, -0.000,  1.654, 
1167, 0, -15.183, -52.309,  0.000,  0.000, -0.000,  1.644, 
1168, 0, -15.223, -51.915,  0.000,  0.000, -0.000,  1.675, 
1169, 0, -15.267, -51.522,  0.000,  0.000, -0.000,  1.682, 
1170, 0, -15.310, -51.129,  0.000,  0.000, -0.000,  1.683, 
1171, 0, -15.354, -50.732,  0.000,  0.000, -0.000,  1.676, 
1172, 0, -15.400, -50.340,  0.000,  0.000, -0.000,  1.687, 
1173, 0, -15.452, -49.948,  0.000,  0.000, -0.000,  1.702, 
1174, 0, -15.509, -49.558,  0.000,  0.000, -0.000,  1.722, 
1175, 0, -15.586, -49.171,  0.000,  0.000, -0.000,  1.773, 
1176, 0, -15.657, -48.789,  0.000,  0.000, -0.000,  1.751, 
1177, 0, -15.729, -48.400,  0.000,  0.000, -0.000,  1.757, 
1178, 0, -15.806, -48.013,  0.000,  0.000, -0.000,  1.767, 
1179, 0, -15.890, -47.625,  0.000,  0.000, -0.000,  1.783, 
1180, 0, -15.970, -47.246,  0.000,  0.000, -0.000,  1.777, 
1181, 0, -16.042, -46.861,  0.000,  0.000, -0.000,  1.752, 
1182, 0, -16.101, -46.477,  0.000,  0.000, -0.000,  1.728, 
1183, 0, -16.158, -46.080,  0.000,  0.000, -0.000,  1.701, 
1184, 0, -16.169, -45.693,  0.000,  0.000, -0.000,  1.601, 
1185, 0, -16.168, -45.298,  0.000,  0.000, -0.000,  1.568, 
1186, 0, -16.154, -44.904,  0.000,  0.000, -0.000,  1.533, 
1187, 0, -16.136, -44.509,  0.000,  0.000, -0.000,  1.521, 
1188, 0, -16.107, -44.115,  0.000,  0.000, -0.000,  1.495, 
1189, 0, -16.064, -43.724,  0.000,  0.000, -0.000,  1.458, 
1190, 0, -16.020, -43.331,  0.000,  0.000, -0.000,  1.460, 
1191, 0, -15.975, -42.940,  0.000,  0.000, -0.000,  1.458, 
1192, 0, -15.941, -42.546,  0.000,  0.000, -0.000,  1.494, 
1193, 0, -15.919, -42.148,  0.000,  0.000, -0.000,  1.516, 
1194, 0, -15.907, -41.754,  0.000,  0.000, -0.000,  1.541, 
1195, 0, -15.902, -41.358,  0.000,  0.000, -0.000,  1.558, 
1196, 0, -15.900, -40.960,  0.000,  0.000, -0.000,  1.566, 
1197, 0, -15.902, -40.571,  0.000,  0.000, -0.000,  1.578, 
1198, 0, -15.911, -40.175,  0.000,  0.000, -0.000,  1.598, 
1199, 0, -15.935, -39.786,  0.000,  0.000, -0.000,  1.635, 
1200, 0, -15.963, -39.395,  0.000,  0.000, -0.000,  1.643, 
1201, 0, -15.974, -39.020,  0.000,  0.000, -0.000,  1.589, 
1202, 0, -15.934, -38.630,  0.000,  0.000, -0.000,  1.466, 
1203, 0, -15.879, -38.237,  0.000,  0.000, -0.000,  1.432, 
1204, 0, -15.827, -37.844,  0.000,  0.000, -0.000,  1.441, 
1205, 0, -15.774, -37.449,  0.000,  0.000, -0.000,  1.433, 
1206, 0, -15.719, -37.057,  0.000,  0.000, -0.000,  1.442, 
1207, 0, -15.666, -36.666,  0.000,  0.000, -0.000,  1.429, 
1208, 0, -15.597, -36.275,  0.000,  0.000, -0.000,  1.399, 
1209, 0, -15.544, -35.884,  0.000,  0.000, -0.000,  1.438, 
1210, 0, -15.479, -35.493,  0.000,  0.000, -0.000,  1.399, 
1211, 0, -15.388, -35.090,  0.000,  0.000, -0.000,  1.353, 
1212, 0, -15.325, -34.723,  0.000,  0.000, -0.000,  1.403, 
1213, 0, -15.258, -34.333,  0.000,  0.000, -0.000,  1.393, 
1214, 0, -15.183, -33.936,  0.000,  0.000, -0.000,  1.388, 
1215, 0, -15.108, -33.548,  0.000,  0.000, -0.000,  1.379, 
1216, 0, -15.030, -33.167,  0.000,  0.000, -0.000,  1.370, 
1217, 0, -14.959, -32.776,  0.000,  0.000, -0.000,  1.390, 
1218, 0, -14.891, -32.386,  0.000,  0.000, -0.000,  1.403, 
1219, 0, -14.832, -31.995,  0.000,  0.000, -0.000,  1.419, 
1220, 0, -14.772, -31.602,  0.000,  0.000, -0.000,  1.415, 
1221, 0, -14.713, -31.211,  0.000,  0.000, -0.000,  1.422, 
1222, 0, -14.641, -30.828,  0.000,  0.000, -0.000,  1.384, 
1223, 0, -14.558, -30.462,  0.000,  0.000, -0.000,  1.339, 
1224, 0, -14.433, -30.089,  0.000,  0.000, -0.000,  1.242, 
1225, 0, -14.283, -29.719,  0.000,  0.000, -0.000,  1.190, 
1226, 0, -14.138, -29.355,  0.000,  0.000, -0.000,  1.192, 
1227, 0, -14.008, -29.003,  0.000,  0.000, -0.000,  1.218, 
1228, 0, -13.885, -28.648,  0.000,  0.000, -0.000,  1.240, 
1229, 0, -13.797, -28.287,  0.000,  0.000, -0.000,  1.355, 
1230, 0, -13.770, -27.890,  0.000,  0.000, -0.000,  1.501, 
1231, 0, -13.747, -27.494,  0.000,  0.000, -0.000,  1.511, 
1232, 0, -13.724, -27.096,  0.000,  0.000, -0.000,  1.517, 
1233, 0, -13.709, -26.700,  0.000,  0.000, -0.000,  1.530, 
1234, 0, -13.696, -26.303,  0.000,  0.000, -0.000,  1.537, 
1235, 0, -13.687, -25.907,  0.000,  0.000, -0.000,  1.548, 
1236, 0, -13.683, -25.512,  0.000,  0.000, -0.000,  1.559, 
1237, 0, -13.682, -25.118,  0.000,  0.000, -0.000,  1.572, 
1238, 0, -13.683, -24.726,  0.000,  0.000, -0.000,  1.571, 
1239, 0, -13.680, -24.335,  0.000,  0.000, -0.000,  1.558, 
1240, 0, -13.660, -23.944,  0.000,  0.000, -0.000,  1.517, 
1241, 0, -13.633, -23.555,  0.000,  0.000, -0.000,  1.503, 
1242, 0, -13.595, -23.170,  0.000,  0.000, -0.000,  1.466, 
1243, 0, -13.560, -22.785,  0.000,  0.000, -0.000,  1.488, 
1244, 0, -13.538, -22.407,  0.000,  0.000, -0.000,  1.512, 
1245, 0, -13.525, -22.022,  0.000,  0.000, -0.000,  1.536, 
1246, 0, -13.520, -21.636,  0.000,  0.000, -0.000,  1.563, 
1247, 0, -13.528, -21.251,  0.000,  0.000, -0.000,  1.593, 
1248, 0, -13.543, -20.865,  0.000,  0.000, -0.000,  1.607, 
1249, 0, -13.565, -20.481,  0.000,  0.000, -0.000,  1.631, 
1250, 0, -13.592, -20.097,  0.000,  0.000, -0.000,  1.641, 
1251, 0, -13.624, -19.715,  0.000,  0.000, -0.000,  1.654, 
1252, 0, -13.662, -19.334,  0.000,  0.000, -0.000,  1.670, 
1253, 0, -13.692, -18.957,  0.000,  0.000, -0.000,  1.646, 
1254, 0, -13.711, -18.575,  0.000,  0.000, -0.000,  1.615, 
1255, 0, -13.682, -18.193,  0.000,  0.000, -0.000,  1.487, 
1256, 0, -13.611, -17.810,  0.000,  0.000, -0.000,  1.396, 
1257, 0, -13.540, -17.433,  0.000,  0.000, -0.000,  1.389, 
1258, 0, -13.477, -17.051,  0.000,  0.000, -0.000,  1.410, 
1259, 0, -13.421, -16.668,  0.000,  0.000, -0.000,  1.428, 
1260, 0, -13.373, -16.291,  0.000,  0.000, -0.000,  1.449, 
1261, 0, -13.349, -15.898,  0.000,  0.000, -0.000,  1.515, 
1262, 0, -13.334, -15.515,  0.000,  0.000, -0.000,  1.533, 
1263, 0, -13.326, -15.132,  0.000,  0.000, -0.000,  1.549, 
1264, 0, -13.322, -14.757,  0.000,  0.000, -0.000,  1.559, 
1265, 0, -13.319, -14.373,  0.000,  0.000, -0.000,  1.564, 
1266, 0, -13.321, -13.992,  0.000,  0.000, -0.000,  1.579, 
1267, 0, -13.309, -13.609,  0.000,  0.000, -0.000,  1.529, 
1268, 0, -13.283, -13.226,  0.000,  0.000, -0.000,  1.509, 
1269, 0, -13.252, -12.845,  0.000,  0.000, -0.000,  1.484, 
1270, 0, -13.220, -12.461,  0.000,  0.000, -0.000,  1.495, 
1271, 0, -13.199, -12.077,  0.000,  0.000, -0.000,  1.514, 
1272, 0, -13.181, -11.698,  0.000,  0.000, -0.000,  1.522, 
1273, 0, -13.158, -11.310,  0.000,  0.000, -0.000,  1.504, 
1274, 0, -13.124, -10.931,  0.000,  0.000, -0.000,  1.480, 
1275, 0, -13.079, -10.552,  0.000,  0.000, -0.000,  1.454, 
1276, 0, -13.027, -10.165,  0.000,  0.000, -0.000,  1.439, 
1277, 0, -12.972, -9.782,  0.000,  0.000, -0.000,  1.434, 
1278, 0, -12.923, -9.396,  0.000,  0.000, -0.000,  1.439, 
1279, 0, -12.857, -9.009,  0.000,  0.000, -0.000,  1.393, 
1280, 0, -12.775, -8.629,  0.000,  0.000, -0.000,  1.355, 
1281, 0, -12.682, -8.249,  0.000,  0.000, -0.000,  1.330, 
1282, 0, -12.591, -7.868,  0.000,  0.000, -0.000,  1.342, 
1283, 0, -12.504, -7.489,  0.000,  0.000, -0.000,  1.343, 
1284, 0, -12.406, -7.111,  0.000,  0.000, -0.000,  1.313, 
1285, 0, -12.296, -6.740,  0.000,  0.000, -0.000,  1.283, 
1286, 0, -12.164, -6.370,  0.000,  0.000, -0.000,  1.218, 
1287, 0, -12.016, -6.004,  0.000,  0.000, -0.000,  1.182, 
1288, 0, -11.850, -5.649,  0.000,  0.000, -0.000,  1.126, 
1289, 0, -11.647, -5.310,  0.000,  0.000, -0.000,  1.021, 
1290, 0, -11.408, -4.995,  0.000,  0.000, -0.000,  0.915, 
1291, 0, -11.139, -4.701,  0.000,  0.000, -0.000,  0.825, 
1292, 0, -10.864, -4.431,  0.000,  0.000, -0.000,  0.781, 
1293, 0, -10.616, -4.170,  0.000,  0.000, -0.000,  0.823, 
1294, 0, -10.392, -3.911,  0.000,  0.000, -0.000,  0.860, 
1295, 0, -10.155, -3.599,  0.000,  0.000, -0.000,  0.922, 
1296, 0, -9.923, -3.285,  0.000,  0.000, -0.000,  0.932, 
1297, 0, -9.697, -2.972,  0.000,  0.000, -0.000,  0.947, 
1298, 0, -9.466, -2.672,  0.000,  0.000, -0.000,  0.899, 
1299, 0, -9.199, -2.396,  0.000,  0.000, -0.000,  0.802, 
1300, 0, -8.908, -2.138,  0.000,  0.000, -0.000,  0.719, 
1301, 0, -8.575, -1.927,  0.000,  0.000, -0.000,  0.561, 
1302, 0, -8.222, -1.749,  0.000,  0.000, -0.000,  0.474, 
1303, 0, -7.867, -1.583,  0.000,  0.000, -0.000,  0.431, 
1304, 0, -7.503, -1.425,  0.000,  0.000, -0.000,  0.408, 
1305, 0, -7.141, -1.271,  0.000,  0.000, -0.000,  0.401, 
1306, 0, -6.776, -1.119,  0.000,  0.000, -0.000,  0.394, 
1307, 0, -6.420, -0.970,  0.000,  0.000, -0.000,  0.396, 
1308, 0, -6.057, -0.819,  0.000,  0.000, -0.000,  0.386, 
1309, 0, -5.683, -0.689,  0.000,  0.000, -0.000,  0.333, 
1310, 0, -5.304, -0.568,  0.000,  0.000, -0.000,  0.311, 
1311, 0, -4.920, -0.466,  0.000,  0.000, -0.000,  0.260, 
1312, 0, -4.532, -0.371,  0.000,  0.000, -0.000,  0.240, 
1313, 0, -4.143, -0.287,  0.000,  0.000, -0.000,  0.209, 
1314, 0, -3.768, -0.222,  0.000,  0.000, -0.000,  0.173, 
1315, 0, -3.380, -0.169,  0.000,  0.000, -0.000,  0.142, 
1316, 0, -2.990, -0.111,  0.000,  0.000, -0.000,  0.148, 
1317, 0, -2.601, -0.054,  0.000,  0.000, -0.000,  0.142, 
1318, 0, -2.207, -0.013,  0.000,  0.000, -0.000,  0.104, 
1319, 0, -1.819,  0.024,  0.000,  0.000, -0.000,  0.092, 
1320, 0, -1.426,  0.050,  0.000,  0.000, -0.000,  0.067, 
1321, 0, -1.034,  0.079,  0.000,  0.000, -0.000,  0.068, 
1322, 0, -0.644,  0.094,  0.000,  0.000, -0.000,  0.036, 
1323, 0, -0.261,  0.098,  0.000,  0.000, -0.000,  0.016, 
1324, 0,  0.140,  0.103,  0.000,  0.000, -0.000,  0.012, 
1325, 0,  0.527,  0.104,  0.000,  0.000, -0.000,  0.002, 
1326, 0,  0.918,  0.108,  0.000,  0.000, -0.000,  0.010, 
1327, 0,  1.309,  0.109,  0.000,  0.000, -0.000,  0.001, 
1328, 0,  1.700,  0.097,  0.000,  0.000,  0.000, -0.027, 
1329, 0,  2.091,  0.078,  0.000,  0.000,  0.000, -0.051, 
1330, 0,  2.483,  0.050,  0.000,  0.000,  0.000, -0.071, 
1331, 0,  2.870,  0.018,  0.000,  0.000,  0.000, -0.080, 
1332, 0,  3.255, -0.006,  0.000,  0.000,  0.000, -0.064, 
1333, 0,  3.649, -0.019,  0.000,  0.000,  0.000, -0.027, 
1334, 0,  4.048, -0.015,  0.000,  0.000, -0.000,  0.007, 
1335, 0,  4.445, -0.014,  0.000,  0.000, -0.000,  0.007, 
1336, 0,  4.840, -0.013,  0.000,  0.000, -0.000,  0.002, 
1337, 0,  5.232, -0.014,  0.000,  0.000,  0.000, -0.004, 
1338, 0,  5.625, -0.011,  0.000,  0.000, -0.000,  0.009, 
1339, 0,  6.004, -0.005,  0.000,  0.000, -0.000,  0.015, 
1340, 0,  6.335, -0.000,  0.000,  0.000, -0.000,  0.015, 
1341, 0,  6.561,  0.001,  0.000,  0.000, -0.000,  0.008, 
1342, 0,  6.648,  0.003,  0.000,  0.000, -0.000,  0.008, 
1343, 0,  6.653,  0.001,  0.000,  0.000, -0.000,  0.002, 
