count, time, abs_prox_x, abs_prox_y, abs_prox_z, 

2, 0,  0.460, -1.286,  0.000, 
2, 0,  0.325, -1.303,  0.000, 
2, 0, -0.417,  6.017,  0.000, 
2, 0,  3.076,  4.844,  0.000, 
2, 0,  5.324, -4.106,  0.000, 
2, 0,  7.982,  6.233,  0.000, 
2, 0,  5.648, -3.717,  0.000, 
2, 0,  3.802,  4.752,  0.000, 
2, 0, 13.672, -3.917,  0.000, 
2, 0, -0.441,  5.851,  0.000, 
2, 0, -0.117, -1.454,  0.000, 
2, 0, 28.616,  7.033,  0.000, 
2, 0,  8.339,  5.583,  0.000, 
2, 0,  9.370,  4.998,  0.000, 

3, 0,  0.337, -1.294,  0.000, 
3, 0, -0.410,  6.000,  0.000, 
3, 0,  3.090,  4.822,  0.000, 
3, 0,  5.343, -3.774,  0.000, 
3, 0,  7.953,  5.860,  0.000, 
3, 0, 13.671, -3.931,  0.000, 
3, 0, -0.119, -1.458,  0.000, 
3, 0,  0.492, -1.268,  0.000, 
3, 0, 10.142, -2.247,  0.000, 
3, 0, -0.311, -4.424,  0.000, 
3, 0,  0.279, -5.959,  0.000, 

4, 0,  0.342, -1.292,  0.000, 
4, 0, -0.517,  5.978,  0.000, 
4, 0,  5.340, -3.772,  0.000, 
4, 0, 13.693, -3.923,  0.000, 
4, 0, -0.127, -1.467,  0.000, 
4, 0, 10.113, -2.272,  0.000, 
4, 0, -0.363, -4.407,  0.000, 
4, 0,  0.124, -5.985,  0.000, 

5, 0,  0.438, -1.279,  0.000, 
5, 0, -0.409,  5.993,  0.000, 
5, 0,  5.340, -3.772,  0.000, 
5, 0, 13.663, -3.944,  0.000, 
5, 0, -0.126, -1.455,  0.000, 
5, 0, 10.142, -2.257,  0.000, 
5, 0, -0.369, -4.422,  0.000, 
5, 0,  8.007,  5.826,  0.000, 
5, 0,  0.168,  8.063,  0.000, 
5, 0,  3.099,  4.837,  0.000, 

6, 0,  0.329, -1.307,  0.000, 
6, 0, -0.415,  5.993,  0.000, 
6, 0,  5.343, -3.759,  0.000, 
6, 0, 13.697, -3.909,  0.000, 
6, 0, -0.116, -1.458,  0.000, 
6, 0, -0.342, -4.415,  0.000, 
6, 0,  8.193,  5.545,  0.000, 
6, 0,  0.495, -1.275,  0.000, 
6, 0, 28.424,  7.288,  0.000, 
6, 0,  0.251, -5.993,  0.000, 

7, 0,  0.457, -1.277,  0.000, 
7, 0, -0.472,  6.021,  0.000, 
7, 0,  5.341, -3.765,  0.000, 
7, 0, 13.676, -3.903,  0.000, 
7, 0, -0.127, -1.585,  0.000, 
7, 0, -0.348, -4.430,  0.000, 
7, 0,  0.430, -5.985,  0.000, 
7, 0,  3.083,  4.855,  0.000, 
7, 0, 26.699,  0.614,  0.000, 

8, 0,  0.438, -1.276,  0.000, 
8, 0, -0.416,  6.003,  0.000, 
8, 0,  5.237, -3.924,  0.000, 
8, 0, 13.655, -3.926,  0.000, 
8, 0, -0.119, -1.458,  0.000, 
8, 0, -0.346, -4.414,  0.000, 
8, 0,  0.364, -5.988,  0.000, 
8, 0,  3.261,  4.748,  0.000, 
8, 0, 28.566,  6.689,  0.000, 
8, 0,  8.119,  5.627,  0.000, 
8, 0, 10.140, -2.236,  0.000, 

9, 0,  0.500, -1.268,  0.000, 
9, 0, -0.416,  6.006,  0.000, 
9, 0,  5.312, -3.737,  0.000, 
9, 0, 13.662, -3.913,  0.000, 
9, 0, -0.116, -1.457,  0.000, 
9, 0, -0.330, -4.429,  0.000, 
9, 0,  0.029, -6.000,  0.000, 
9, 0,  3.255,  4.750,  0.000, 
9, 0,  8.144,  5.620,  0.000, 

10, 0,  0.443, -1.280,  0.000, 
10, 0, -0.410,  6.010,  0.000, 
10, 0,  5.234, -3.922,  0.000, 
10, 0, 13.670, -3.901,  0.000, 
10, 0, -0.121, -1.447,  0.000, 
10, 0, -0.369, -4.420,  0.000, 
10, 0,  3.052,  4.881,  0.000, 
10, 0,  8.189,  5.531,  0.000, 
10, 0,  0.292, -1.304,  0.000, 
10, 0, 10.137, -2.246,  0.000, 
10, 0, 24.661,  0.050,  0.000, 

11, 0,  0.498, -1.262,  0.000, 
11, 0, -0.416,  6.003,  0.000, 
11, 0,  5.338, -3.755,  0.000, 
11, 0, -0.125, -1.480,  0.000, 
11, 0, -0.321, -4.434,  0.000, 
11, 0,  3.155,  4.818,  0.000, 
11, 0,  8.135,  5.626,  0.000, 
11, 0,  0.291, -1.303,  0.000, 
11, 0, 10.136, -2.256,  0.000, 
11, 0, 23.794,  0.048,  0.000, 

12, 0,  0.437, -1.282,  0.000, 
12, 0, -0.404,  6.010,  0.000, 
12, 0,  5.340, -3.765,  0.000, 
12, 0, -0.107, -1.451,  0.000, 
12, 0, -0.350, -4.406,  0.000, 
12, 0,  3.057,  4.878,  0.000, 
12, 0,  8.130,  5.610,  0.000, 
12, 0,  0.101, -5.985,  0.000, 
12, 0, 13.680, -3.904,  0.000, 

13, 0,  0.444, -1.282,  0.000, 
13, 0, -0.410,  5.996,  0.000, 
13, 0,  5.337, -3.738,  0.000, 
13, 0, -0.116, -1.460,  0.000, 
13, 0, -0.356, -4.422,  0.000, 
13, 0,  3.104,  4.834,  0.000, 
13, 0,  8.125,  5.618,  0.000, 
13, 0,  0.023, -6.002,  0.000, 
13, 0, 13.665, -3.885,  0.000, 
13, 0,  0.297, -1.302,  0.000, 
13, 0, 10.133, -2.245,  0.000, 

14, 0,  0.440, -1.285,  0.000, 
14, 0, -0.408,  6.004,  0.000, 
14, 0,  5.336, -3.748,  0.000, 
14, 0, -0.109, -1.437,  0.000, 
14, 0, -0.339, -4.419,  0.000, 
14, 0,  3.105,  4.855,  0.000, 
14, 0,  8.132,  5.618,  0.000, 
14, 0,  0.469, -5.987,  0.000, 
14, 0, 13.692, -3.964,  0.000, 
14, 0,  0.305, -1.296,  0.000, 
14, 0, 10.148, -2.268,  0.000, 

15, 0,  0.337, -1.302,  0.000, 
15, 0, -0.461,  6.018,  0.000, 
15, 0,  5.334, -3.747,  0.000, 
15, 0, -0.350, -4.430,  0.000, 
15, 0,  8.136,  5.618,  0.000, 
15, 0, 13.689, -3.898,  0.000, 
15, 0, 10.156, -2.244,  0.000, 
15, 0,  2.377,  8.202,  0.000, 

16, 0,  0.506, -1.287,  0.000, 
16, 0, -0.484,  6.000,  0.000, 
16, 0,  5.346, -3.728,  0.000, 
16, 0, -0.308, -4.428,  0.000, 
16, 0,  8.168,  5.626,  0.000, 
16, 0, 10.179, -2.264,  0.000, 
16, 0,  2.378,  8.202,  0.000, 
16, 0,  3.123,  4.834,  0.000, 
16, 0,  0.297, -1.296,  0.000, 
16, 0, 28.715,  6.398,  0.000, 

17, 0,  0.439, -1.284,  0.000, 
17, 0, -0.387,  6.006,  0.000, 
17, 0,  8.263,  5.417,  0.000, 
17, 0, 28.686,  6.562,  0.000, 
17, 0,  0.314, -1.284,  0.000, 
17, 0, -0.348,  6.046,  0.000, 

18, 0,  0.511, -1.257,  0.000, 
18, 0, -0.166,  6.433,  0.000, 
18, 0,  8.293,  5.411,  0.000, 
18, 0, -0.132,  6.559,  0.000, 
18, 0,  3.225,  4.792,  0.000, 
18, 0, 10.078, -2.457,  0.000, 
18, 0,  5.246, -3.866,  0.000, 

19, 0,  0.604, -1.291,  0.000, 
19, 0, -0.144,  8.495,  0.000, 
19, 0,  8.317,  5.378,  0.000, 
19, 0,  3.317,  4.747,  0.000, 
19, 0, 10.035, -2.626,  0.000, 
19, 0,  5.248, -3.977,  0.000, 
19, 0,  0.794, -4.698,  0.000, 
19, 0, 28.834,  5.992,  0.000, 

20, 0,  0.845, -1.471,  0.000, 
20, 0,  8.378,  5.302,  0.000, 
20, 0,  5.197, -3.929,  0.000, 
20, 0,  0.765, -4.691,  0.000, 
20, 0,  3.703,  4.696,  0.000, 

21, 0,  8.519,  5.352,  0.000, 
21, 0,  5.249, -3.885,  0.000, 
21, 0,  1.516, -6.002,  0.000, 
21, 0,  3.671,  4.732,  0.000, 
21, 0, 10.074, -2.517,  0.000, 
21, 0,  2.740,  5.677,  0.000, 
21, 0,  1.628,  8.692,  0.000, 
21, 0,  2.514,  8.174,  0.000, 
21, 0, 28.688,  5.964,  0.000, 

22, 0,  8.381,  5.407,  0.000, 
22, 0,  5.251, -3.890,  0.000, 
22, 0,  2.015, -5.989,  0.000, 
22, 0,  3.981,  4.715,  0.000, 
22, 0,  3.141,  5.113,  0.000, 
22, 0,  2.746,  8.218,  0.000, 
22, 0, 28.890,  5.547,  0.000, 
22, 0,  3.524,  4.746,  0.000, 
22, 0,  4.553,  4.659,  0.000, 
22, 0,  9.042,  4.893,  0.000, 

23, 0,  8.525,  5.329,  0.000, 
23, 0,  5.255, -3.958,  0.000, 
23, 0,  2.137, -6.003,  0.000, 
23, 0,  3.907,  4.692,  0.000, 
23, 0,  3.429,  4.768,  0.000, 
23, 0, 28.873,  5.206,  0.000, 
23, 0,  4.509,  4.675,  0.000, 
23, 0,  9.109,  4.832,  0.000, 

24, 0,  8.497,  5.337,  0.000, 
24, 0,  5.231, -3.970,  0.000, 
24, 0,  2.824, -6.005,  0.000, 
24, 0,  3.815,  4.689,  0.000, 
24, 0,  4.620,  4.612,  0.000, 
24, 0,  9.164,  4.754,  0.000, 
24, 0,  3.303,  4.887,  0.000, 

25, 0,  8.890,  5.058,  0.000, 
25, 0,  5.313, -3.926,  0.000, 
25, 0,  3.184, -6.015,  0.000, 
25, 0,  4.053,  4.723,  0.000, 
25, 0,  4.704,  4.612,  0.000, 
25, 0,  9.073,  4.932,  0.000, 
25, 0,  3.599,  4.720,  0.000, 
25, 0,  8.391,  5.538,  0.000, 
25, 0, 10.090, -2.616,  0.000, 

26, 0,  9.162,  4.772,  0.000, 
26, 0,  5.609, -3.837,  0.000, 
26, 0,  3.540, -6.021,  0.000, 
26, 0,  4.612,  4.650,  0.000, 
26, 0,  4.022,  4.701,  0.000, 
26, 0,  8.513,  5.334,  0.000, 
26, 0, 10.109, -2.589,  0.000, 
26, 0,  3.527,  4.753,  0.000, 
26, 0,  5.229, -3.875,  0.000, 

27, 0,  9.112,  4.815,  0.000, 
27, 0,  5.272, -3.829,  0.000, 
27, 0,  3.988, -6.031,  0.000, 
27, 0,  4.804,  4.600,  0.000, 
27, 0,  8.629,  5.258,  0.000, 
27, 0,  3.890,  4.699,  0.000, 
27, 0, 21.888, -3.126,  0.000, 

28, 0,  9.084,  4.862,  0.000, 
28, 0,  5.260, -3.882,  0.000, 
28, 0,  4.347, -6.017,  0.000, 
28, 0,  4.769,  4.586,  0.000, 
28, 0,  8.894,  5.088,  0.000, 
28, 0,  4.218,  4.734,  0.000, 
28, 0,  3.821, -5.993,  0.000, 
28, 0, 28.830,  5.583,  0.000, 
28, 0, 10.077, -2.631,  0.000, 
28, 0,  8.364,  5.470,  0.000, 

29, 0,  9.063,  4.898,  0.000, 
29, 0,  5.628, -3.799,  0.000, 
29, 0,  4.774,  4.592,  0.000, 
29, 0,  9.278,  4.756,  0.000, 
29, 0, 28.807,  5.790,  0.000, 
29, 0, 10.164, -2.454,  0.000, 
29, 0,  8.732,  5.252,  0.000, 
29, 0, 21.914, -3.227,  0.000, 
29, 0,  4.161,  4.726,  0.000, 
29, 0,  6.350,  6.988,  0.000, 

30, 0,  9.682,  4.798,  0.000, 
30, 0,  5.934, -3.738,  0.000, 
30, 0,  4.701,  4.585,  0.000, 
30, 0, 13.824, -4.019,  0.000, 
30, 0,  9.055,  4.938,  0.000, 
30, 0,  6.776,  7.257,  0.000, 
30, 0,  5.367, -3.869,  0.000, 
30, 0, 28.460,  7.070,  0.000, 
30, 0, 19.391,  9.500,  0.000, 
30, 0, 21.963, -2.884,  0.000, 
30, 0,  8.513,  5.406,  0.000, 

31, 0,  9.712,  4.767,  0.000, 
31, 0,  5.871, -3.750,  0.000, 
31, 0,  5.372,  5.337,  0.000, 
31, 0, 10.237, -2.352,  0.000, 
31, 0,  9.022,  4.966,  0.000, 
31, 0,  5.430, -3.824,  0.000, 
31, 0,  8.709,  5.418,  0.000, 
31, 0,  8.161,  8.513,  0.000, 

32, 0,  9.145,  4.914,  0.000, 
32, 0,  5.812, -3.758,  0.000, 
32, 0, 10.165, -2.520,  0.000, 
32, 0,  8.510,  5.493,  0.000, 
32, 0,  7.971, -6.076,  0.000, 
32, 0, 21.881, -3.513,  0.000, 

33, 0,  9.283,  4.834,  0.000, 
33, 0, 10.102, -2.621,  0.000, 
33, 0,  7.831, -6.104,  0.000, 
33, 0, 21.885, -3.412,  0.000, 
33, 0,  5.799, -3.763,  0.000, 
33, 0, 13.124, -2.489,  0.000, 
33, 0, 28.945,  5.452,  0.000, 

34, 0,  9.172,  4.897,  0.000, 
34, 0, 10.096, -2.628,  0.000, 
34, 0, 21.502, -3.299,  0.000, 
34, 0,  5.838, -3.749,  0.000, 
34, 0, 28.924,  5.444,  0.000, 
34, 0,  9.572,  4.692,  0.000, 

35, 0,  9.425,  4.784,  0.000, 
35, 0, 10.001, -2.727,  0.000, 
35, 0, 21.859, -3.708,  0.000, 
35, 0, 29.204,  4.424,  0.000, 
35, 0,  7.623, -6.091,  0.000, 

36, 0,  9.550,  4.720,  0.000, 
36, 0, 10.011, -2.698,  0.000, 
36, 0,  7.585, -6.104,  0.000, 
36, 0,  9.952,  4.510,  0.000, 
36, 0, 20.676,  7.401,  0.000, 
36, 0,  6.146, -5.858,  0.000, 
36, 0,  9.856,  4.572,  0.000, 
36, 0, 21.761, -4.164,  0.000, 

37, 0,  9.652,  4.702,  0.000, 
37, 0, 10.140, -2.565,  0.000, 
37, 0,  7.777, -6.073,  0.000, 
37, 0, 21.859, -3.549,  0.000, 
37, 0, 13.070, -2.540,  0.000, 
37, 0,  9.042,  5.051,  0.000, 
37, 0, 29.027,  4.967,  0.000, 
37, 0, 13.606, -4.303,  0.000, 

38, 0,  9.797,  4.654,  0.000, 
38, 0, 10.165, -2.570,  0.000, 
38, 0,  8.112, -6.082,  0.000, 
38, 0, 21.907, -3.636,  0.000, 
38, 0, 13.093, -2.536,  0.000, 
38, 0, 28.998,  5.113,  0.000, 
38, 0, 13.608, -4.311,  0.000, 
38, 0,  8.957,  5.205,  0.000, 
38, 0,  9.347,  4.801,  0.000, 
38, 0, 10.497,  4.761,  0.000, 
38, 0,  7.474,  8.269,  0.000, 

39, 0,  9.765,  4.652,  0.000, 
39, 0,  8.438, -6.080,  0.000, 
39, 0, 13.069, -2.739,  0.000, 
39, 0, 10.177, -2.595,  0.000, 
39, 0, 29.121,  5.495,  0.000, 
39, 0, 13.607, -4.379,  0.000, 

40, 0,  9.707,  4.680,  0.000, 
40, 0,  8.569, -6.066,  0.000, 
40, 0, 10.239, -2.552,  0.000, 
40, 0, 29.061,  5.192,  0.000, 
40, 0, 13.686, -4.264,  0.000, 
40, 0,  9.038, -6.086,  0.000, 
40, 0, 21.950, -3.409,  0.000, 

41, 0,  9.921,  4.691,  0.000, 
41, 0,  8.938, -6.080,  0.000, 
41, 0, 10.203, -2.539,  0.000, 
41, 0, 29.057,  5.200,  0.000, 
41, 0, 13.705, -4.250,  0.000, 
41, 0, 21.983, -3.368,  0.000, 
41, 0, 10.515,  4.796,  0.000, 

42, 0, 10.422,  4.812,  0.000, 
42, 0,  9.720, -6.103,  0.000, 
42, 0, 10.305, -2.506,  0.000, 
42, 0, 13.822, -4.118,  0.000, 
42, 0, 22.023, -3.266,  0.000, 
42, 0, 11.109,  5.311,  0.000, 
42, 0,  9.870,  4.684,  0.000, 
42, 0, 13.192, -2.416,  0.000, 
42, 0,  9.476,  4.799,  0.000, 
42, 0,  9.449,  4.808,  0.000, 

43, 0, 10.989,  5.035,  0.000, 
43, 0, 10.324, -2.479,  0.000, 
43, 0, 10.411,  4.801,  0.000, 
43, 0,  9.888,  4.697,  0.000, 
43, 0,  9.957,  4.722,  0.000, 
43, 0, 13.800, -4.148,  0.000, 
43, 0, 28.981,  5.552,  0.000, 
43, 0, 12.803,  8.236,  0.000, 

44, 0, 10.309,  4.773,  0.000, 
44, 0, 10.417, -6.111,  0.000, 
44, 0, 13.137, -2.458,  0.000, 
44, 0, 29.010,  5.239,  0.000, 
44, 0, 12.888,  8.231,  0.000, 
44, 0, 13.715, -4.200,  0.000, 
44, 0, 10.293, -2.511,  0.000, 
44, 0, 13.319, -2.227,  0.000, 
44, 0, 22.026, -3.254,  0.000, 
44, 0, 20.665, -5.516,  0.000, 

45, 0, 10.670,  4.974,  0.000, 
45, 0, 11.019, -6.114,  0.000, 
45, 0, 13.210, -2.324,  0.000, 
45, 0, 28.913,  5.482,  0.000, 
45, 0, 12.857,  8.234,  0.000, 
45, 0, 13.690, -4.192,  0.000, 
45, 0, 21.975, -3.274,  0.000, 

46, 0, 11.052,  5.013,  0.000, 
46, 0, 11.319, -6.134,  0.000, 
46, 0, 13.094, -2.444,  0.000, 
46, 0, 12.927,  8.209,  0.000, 
46, 0, 34.786, -4.179,  0.000, 

47, 0, 11.227,  5.335,  0.000, 
47, 0, 11.695, -6.142,  0.000, 
47, 0, 13.333, -2.256,  0.000, 
47, 0, 13.017,  8.198,  0.000, 
47, 0, 34.847, -2.601,  0.000, 
47, 0, 20.748, -5.338,  0.000, 
47, 0, 28.860,  5.841,  0.000, 
47, 0, 22.032, -3.247,  0.000, 

48, 0, 11.518,  5.904,  0.000, 
48, 0, 11.990, -6.154,  0.000, 
48, 0, 13.337, -2.270,  0.000, 
48, 0, 23.971, -1.960,  0.000, 
48, 0, 25.246, -5.473,  0.000, 
48, 0, 12.948,  8.220,  0.000, 
48, 0, 20.879,  6.526,  0.000, 

49, 0, 12.566, -6.161,  0.000, 
49, 0, 13.439, -2.202,  0.000, 
49, 0, 34.802, -3.243,  0.000, 

50, 0, 12.993, -6.176,  0.000, 
50, 0, 13.439, -2.186,  0.000, 
50, 0, 34.937, -2.875,  0.000, 
50, 0, 28.937,  5.530,  0.000, 
50, 0, 13.176,  8.217,  0.000, 
50, 0, 20.738, -5.490,  0.000, 
50, 0, 23.757, -2.369,  0.000, 

51, 0, 13.597, -2.195,  0.000, 
51, 0, 22.193, -2.914,  0.000, 
51, 0, 20.870, -5.285,  0.000, 
51, 0, 28.829,  5.878,  0.000, 
51, 0, 14.352,  8.502,  0.000, 
51, 0, 34.939, -2.869,  0.000, 
51, 0, 12.816,  8.247,  0.000, 

52, 0, 13.528, -2.169,  0.000, 
52, 0, 22.186, -2.861,  0.000, 
52, 0, 20.892, -5.234,  0.000, 
52, 0, 29.172,  5.473,  0.000, 
52, 0, 14.310,  8.489,  0.000, 
52, 0, 13.641,  8.523,  0.000, 
52, 0, 34.949, -2.666,  0.000, 
52, 0, 20.814,  6.640,  0.000, 

53, 0, 13.719, -2.224,  0.000, 
53, 0, 15.084,  8.514,  0.000, 
53, 0, 14.388,  8.522,  0.000, 
53, 0, 22.209, -2.855,  0.000, 
53, 0, 34.916,  5.585,  0.000, 
53, 0, 35.557, -0.902,  0.000, 
53, 0, 20.783,  6.638,  0.000, 

54, 0, 13.815, -2.226,  0.000, 
54, 0, 22.219, -2.833,  0.000, 
54, 0, 14.007, -2.331,  0.000, 
54, 0, 20.545,  8.353,  0.000, 
54, 0, 14.422, -2.950,  0.000, 
54, 0, 50.852,  4.104,  0.000, 
54, 0, 28.679,  6.243,  0.000, 
54, 0, 14.732, -3.143,  0.000, 

55, 0, 14.008, -2.330,  0.000, 
55, 0, 14.381, -2.937,  0.000, 
55, 0, 28.714,  6.373,  0.000, 
55, 0, 22.295, -2.742,  0.000, 
55, 0, 20.705,  6.835,  0.000, 
55, 0, 35.492, -1.671,  0.000, 

56, 0, 13.938, -2.327,  0.000, 
56, 0, 14.265, -2.898,  0.000, 
56, 0, 22.200, -2.994,  0.000, 
56, 0, 35.442, -4.525,  0.000, 
56, 0, 14.627, -3.116,  0.000, 
56, 0, 14.875, -3.797,  0.000, 
56, 0, 28.938,  5.971,  0.000, 
56, 0, 20.771, -5.355,  0.000, 
56, 0, 35.559,  4.385,  0.000, 
56, 0, 26.592,  8.165,  0.000, 

57, 0, 14.102, -2.521,  0.000, 
57, 0, 14.407, -2.941,  0.000, 
57, 0, 22.388, -2.751,  0.000, 
57, 0, 15.011, -3.757,  0.000, 
57, 0, 29.333,  5.062,  0.000, 
57, 0, 35.079,  5.217,  0.000, 
57, 0, 36.775, -1.987,  0.000, 
57, 0, 26.232,  8.481,  0.000, 

58, 0, 14.709, -3.092,  0.000, 
58, 0, 15.136, -3.754,  0.000, 
58, 0, 22.199, -2.790,  0.000, 
58, 0, 28.801,  6.184,  0.000, 
58, 0, 16.081, -2.324,  0.000, 
58, 0, 14.461, -2.942,  0.000, 
58, 0, 29.207,  8.563,  0.000, 
58, 0, 36.619, -1.303,  0.000, 

59, 0, 14.712, -3.117,  0.000, 
59, 0, 15.088, -3.741,  0.000, 
59, 0, 29.325,  5.398,  0.000, 
59, 0, 22.546, -2.831,  0.000, 
59, 0, 25.378, -5.187,  0.000, 
59, 0, 14.490, -2.969,  0.000, 
59, 0, 15.479, -4.517,  0.000, 
59, 0, 35.036, -2.300,  0.000, 

60, 0, 14.704, -3.074,  0.000, 
60, 0, 15.101, -3.772,  0.000, 
60, 0, 29.452,  5.198,  0.000, 
60, 0, 15.448, -4.531,  0.000, 

61, 0, 14.716, -3.187,  0.000, 
61, 0, 15.088, -3.744,  0.000, 
61, 0, 33.803,  5.311,  0.000, 
61, 0, 15.505, -4.552,  0.000, 
61, 0, 22.191, -3.080,  0.000, 
61, 0, 29.290,  6.445,  0.000, 
61, 0, 22.192, -3.046,  0.000, 
61, 0, 21.017, -5.170,  0.000, 
61, 0, 29.895,  5.209,  0.000, 
61, 0, 25.307, -5.560,  0.000, 

62, 0, 14.573, -3.450,  0.000, 
62, 0, 15.145, -3.835,  0.000, 
62, 0, 15.557, -4.604,  0.000, 
62, 0, 29.674,  5.364,  0.000, 
62, 0, 20.899, -5.133,  0.000, 
62, 0, 21.006, -5.186,  0.000, 
62, 0, 22.259, -3.029,  0.000, 
62, 0, 25.413, -5.321,  0.000, 
62, 0, 21.984, -48.730,  0.000, 
62, 0, 20.954, -15.791,  0.000, 

63, 0, 15.332, -4.090,  0.000, 
63, 0, 15.538, -4.592,  0.000, 
63, 0, 20.945, -5.306,  0.000, 
63, 0, 17.774, -23.870,  0.000, 
63, 0, 22.257, -2.858,  0.000, 
63, 0, 22.239, -2.985,  0.000, 

64, 0, 15.338, -4.129,  0.000, 
64, 0, 15.642, -4.731,  0.000, 
64, 0, 20.974, -4.990,  0.000, 
64, 0, 15.748, -4.855,  0.000, 
64, 0, 15.547, -4.612,  0.000, 
64, 0, 22.262, -2.926,  0.000, 

65, 0, 15.351, -4.318,  0.000, 
65, 0, 15.641, -4.737,  0.000, 
65, 0, 20.920, -5.217,  0.000, 
65, 0, 15.713, -4.878,  0.000, 
65, 0, 18.722, -22.502,  0.000, 
65, 0, 15.333, -4.154,  0.000, 
65, 0, 22.226, -2.970,  0.000, 
65, 0, 20.989, -5.277,  0.000, 

66, 0, 15.804, -5.023,  0.000, 
66, 0, 15.358, -4.504,  0.000, 
66, 0, 21.014, -5.336,  0.000, 
66, 0, 21.132, -4.913,  0.000, 
66, 0, 22.230, -2.871,  0.000, 
66, 0, 16.229, -22.216,  0.000, 

67, 0, 15.865, -5.273,  0.000, 
67, 0, 15.824, -5.119,  0.000, 
67, 0, 21.042, -5.455,  0.000, 
67, 0, 15.187, -6.702,  0.000, 
67, 0, 21.011, -5.120,  0.000, 

68, 0, 15.882, -5.449,  0.000, 
68, 0, 15.864, -5.324,  0.000, 
68, 0, 21.036, -5.257,  0.000, 
68, 0, 15.169, -6.676,  0.000, 
68, 0, 20.994, -5.268,  0.000, 

69, 0, 15.867, -5.538,  0.000, 
69, 0, 21.042, -5.463,  0.000, 
69, 0, 15.172, -6.702,  0.000, 
69, 0, 20.996, -5.745,  0.000, 
69, 0, 21.519, -9.073,  0.000, 
69, 0, 20.985, -5.427,  0.000, 
69, 0, 15.873, -5.415,  0.000, 
69, 0, 21.140, -15.897,  0.000, 
69, 0, 21.506, -8.359,  0.000, 
69, 0, 21.064, -6.629,  0.000, 
69, 0, 21.516, -7.794,  0.000, 

70, 0, 15.774, -5.687,  0.000, 
70, 0, 21.029, -5.835,  0.000, 
70, 0, 15.148, -6.661,  0.000, 
70, 0, 20.990, -5.943,  0.000, 

71, 0, 15.583, -5.965,  0.000, 
71, 0, 21.038, -6.383,  0.000, 
71, 0, 15.153, -6.675,  0.000, 
71, 0, 20.993, -6.417,  0.000, 
71, 0, 15.067, -18.238,  0.000, 

72, 0, 15.150, -6.737,  0.000, 
72, 0, 21.034, -6.847,  0.000, 
72, 0, 20.995, -6.858,  0.000, 
72, 0, 21.038, -7.607,  0.000, 
72, 0, 18.759, -24.968,  0.000, 
72, 0, 21.040, -7.177,  0.000, 

73, 0, 14.964, -7.152,  0.000, 
73, 0, 21.035, -7.218,  0.000, 
73, 0, 19.142, -25.473,  0.000, 
73, 0, 15.131, -6.722,  0.000, 
73, 0, 14.991, -10.269,  0.000, 

74, 0, 14.894, -7.429,  0.000, 
74, 0, 21.031, -7.704,  0.000, 
74, 0, 14.958, -7.109,  0.000, 
74, 0, 21.040, -7.300,  0.000, 
74, 0, 21.474, -8.240,  0.000, 
74, 0, 20.997, -7.333,  0.000, 
74, 0, 21.428, -9.721,  0.000, 

75, 0, 14.886, -7.865,  0.000, 
75, 0, 21.040, -7.773,  0.000, 
75, 0, 21.439, -8.222,  0.000, 
75, 0, 20.994, -7.741,  0.000, 
75, 0, 14.856, -10.172,  0.000, 
75, 0, 14.461, -18.144,  0.000, 
75, 0, 20.692, -16.140,  0.000, 

76, 0, 14.873, -8.253,  0.000, 
76, 0, 21.421, -8.555,  0.000, 
76, 0, 19.135, -25.849,  0.000, 

77, 0, 14.840, -8.761,  0.000, 
77, 0, 21.413, -8.908,  0.000, 
77, 0, 14.811, -10.200,  0.000, 
77, 0, 14.426, -18.151,  0.000, 

78, 0, 14.840, -9.148,  0.000, 
78, 0, 21.410, -9.169,  0.000, 
78, 0, 14.863, -10.249,  0.000, 
78, 0, 14.719, -18.219,  0.000, 
78, 0, 16.275, -17.864,  0.000, 

79, 0, 14.854, -9.384,  0.000, 
79, 0, 21.415, -9.534,  0.000, 
79, 0, 14.893, -10.237,  0.000, 
79, 0, 14.684, -18.239,  0.000, 
79, 0, 16.981, -17.253,  0.000, 
79, 0, 20.821, -16.143,  0.000, 

80, 0, 14.846, -9.711,  0.000, 
80, 0, 21.401, -9.871,  0.000, 
80, 0, 14.892, -10.239,  0.000, 
80, 0, 14.590, -18.182,  0.000, 
80, 0, 17.105, -16.359,  0.000, 
80, 0, 20.789, -16.163,  0.000, 

81, 0, 14.888, -10.422,  0.000, 
81, 0, 21.392, -10.361,  0.000, 
81, 0, 14.606, -18.212,  0.000, 
81, 0, 17.848, -15.753,  0.000, 
81, 0, 20.838, -16.152,  0.000, 

82, 0, 14.880, -10.678,  0.000, 
82, 0, 21.383, -10.783,  0.000, 
82, 0, 14.671, -18.237,  0.000, 
82, 0, 17.954, -15.013,  0.000, 
82, 0, 20.787, -16.169,  0.000, 

83, 0, 14.879, -11.057,  0.000, 
83, 0, 21.376, -11.220,  0.000, 
83, 0, 14.675, -18.242,  0.000, 
83, 0, 18.058, -14.592,  0.000, 
83, 0, 20.883, -16.142,  0.000, 
83, 0, 18.362, -14.205,  0.000, 
83, 0, 21.414, -10.390,  0.000, 

84, 0, 14.861, -11.086,  0.000, 
84, 0, 21.336, -11.852,  0.000, 
84, 0, 14.413, -18.155,  0.000, 
84, 0, 18.520, -13.415,  0.000, 
84, 0, 18.302, -13.617,  0.000, 
84, 0, 21.413, -10.956,  0.000, 
84, 0, 14.879, -11.035,  0.000, 
84, 0, 17.906, -25.442,  0.000, 
84, 0, 21.372, -11.412,  0.000, 
84, 0, 14.708, -14.167,  0.000, 

85, 0, 14.753, -11.776,  0.000, 
85, 0, 21.312, -12.287,  0.000, 
85, 0, 14.399, -18.123,  0.000, 
85, 0, 18.492, -13.083,  0.000, 
85, 0, 17.403, -25.475,  0.000, 
85, 0, 18.669, -12.569,  0.000, 

86, 0, 14.754, -12.068,  0.000, 
86, 0, 18.621, -12.310,  0.000, 
86, 0, 14.385, -18.134,  0.000, 
86, 0, 20.657, -16.301,  0.000, 
86, 0, 14.105, -22.088,  0.000, 
86, 0, 14.688, -14.202,  0.000, 
86, 0, 14.838, -14.543,  0.000, 
86, 0, 18.795, -25.604,  0.000, 

87, 0, 21.254, -13.006,  0.000, 
87, 0, 14.228, -18.048,  0.000, 
87, 0, 20.494, -16.352,  0.000, 
87, 0, 13.890, -22.003,  0.000, 
87, 0, 14.781, -14.517,  0.000, 
87, 0, 16.176, -23.683,  0.000, 
87, 0, 14.622, -14.096,  0.000, 
87, 0, 20.552, -16.362,  0.000, 

88, 0, 21.259, -13.190,  0.000, 
88, 0, 14.462, -18.143,  0.000, 
88, 0, 20.599, -16.239,  0.000, 
88, 0, 14.149, -22.110,  0.000, 
88, 0, 14.863, -14.609,  0.000, 
88, 0, 20.616, -16.294,  0.000, 
88, 0, 21.204, -14.215,  0.000, 
88, 0, 14.638, -14.122,  0.000, 
88, 0, 14.658, -13.002,  0.000, 

89, 0, 21.267, -13.418,  0.000, 
89, 0, 14.569, -18.231,  0.000, 
89, 0, 20.598, -16.239,  0.000, 
89, 0, 14.868, -14.609,  0.000, 
89, 0, 20.703, -16.263,  0.000, 
89, 0, 14.691, -13.252,  0.000, 
89, 0, 14.730, -14.239,  0.000, 
89, 0, 12.697, -17.613,  0.000, 
89, 0, 19.181, -25.554,  0.000, 

90, 0, 21.260, -13.768,  0.000, 
90, 0, 14.414, -18.129,  0.000, 
90, 0, 14.905, -14.657,  0.000, 
90, 0, 14.633, -13.856,  0.000, 
90, 0, 14.712, -14.203,  0.000, 
90, 0, 21.240, -13.836,  0.000, 

91, 0, 21.223, -14.157,  0.000, 
91, 0, 14.497, -18.150,  0.000, 
91, 0, 14.898, -14.648,  0.000, 
91, 0, 14.735, -14.233,  0.000, 
91, 0, 21.233, -14.178,  0.000, 
91, 0, 20.693, -16.295,  0.000, 
91, 0, 14.661, -13.930,  0.000, 

92, 0, 21.214, -14.443,  0.000, 
92, 0, 14.570, -18.242,  0.000, 
92, 0, 14.897, -14.716,  0.000, 
92, 0, 20.735, -16.369,  0.000, 
92, 0, 14.887, -14.691,  0.000, 
92, 0,  6.608, -17.992,  0.000, 
92, 0, 20.666, -16.158,  0.000, 
92, 0, 21.218, -14.878,  0.000, 
92, 0, 12.841, -17.792,  0.000, 
92, 0, 14.370, -22.198,  0.000, 

93, 0, 21.212, -14.846,  0.000, 
93, 0, 14.613, -18.283,  0.000, 
93, 0, 14.723, -14.994,  0.000, 
93, 0, 20.747, -16.335,  0.000, 
93, 0,  6.636, -18.167,  0.000, 
93, 0, 21.215, -15.163,  0.000, 
93, 0, 20.675, -16.308,  0.000, 
93, 0, 14.884, -14.732,  0.000, 
93, 0, 14.575, -18.278,  0.000, 
93, 0, 16.805, -23.754,  0.000, 

94, 0, 21.208, -15.306,  0.000, 
94, 0, 14.705, -18.351,  0.000, 
94, 0, 14.715, -15.219,  0.000, 
94, 0, 20.824, -16.102,  0.000, 
94, 0,  6.727, -18.426,  0.000, 
94, 0, 20.745, -16.071,  0.000, 
94, 0, 17.039, -23.790,  0.000, 
94, 0, 11.847, -15.783,  0.000, 
94, 0, 14.685, -22.333,  0.000, 
94, 0, -1.259, -19.035,  0.000, 
94, 0, 17.941, -25.316,  0.000, 
94, 0, 21.219, -15.155,  0.000, 

95, 0, 20.713, -16.195,  0.000, 
95, 0, 14.675, -18.354,  0.000, 
95, 0, 20.767, -16.641,  0.000, 
95, 0,  6.723, -18.280,  0.000, 
95, 0, 17.122, -23.807,  0.000, 
95, 0, 11.845, -15.631,  0.000, 
95, 0, 14.539, -22.273,  0.000, 
95, 0, -1.292, -18.493,  0.000, 
95, 0, 20.780, -16.321,  0.000, 
95, 0, 14.693, -18.355,  0.000, 

96, 0, 20.702, -16.383,  0.000, 
96, 0, 14.618, -18.287,  0.000, 
96, 0, 20.753, -16.353,  0.000, 
96, 0,  6.654, -18.106,  0.000, 
96, 0, 16.748, -23.791,  0.000, 
96, 0, 14.446, -22.258,  0.000, 
96, 0, 15.695, -24.837,  0.000, 
96, 0, 13.050, -18.063,  0.000, 
96, 0, 29.607, -30.594,  0.000, 
96, 0, 21.224, -15.523,  0.000, 
96, 0, 30.945, -28.199,  0.000, 
96, 0, 11.838, -15.578,  0.000, 

97, 0, 20.682, -16.557,  0.000, 
97, 0, 14.623, -18.316,  0.000, 
97, 0, 20.745, -16.620,  0.000, 
97, 0,  6.662, -18.333,  0.000, 
97, 0, 16.792, -23.780,  0.000, 
97, 0, 14.347, -22.192,  0.000, 
97, 0, 10.237, -15.637,  0.000, 
97, 0,  6.672, -18.213,  0.000, 
97, 0, 19.755, -26.972,  0.000, 

98, 0, 20.664, -17.109,  0.000, 
98, 0, 14.560, -18.211,  0.000, 
98, 0, 20.721, -17.149,  0.000, 
98, 0, 16.317, -23.717,  0.000, 
98, 0, 17.850, -25.464,  0.000, 
98, 0, 14.482, -22.257,  0.000, 
98, 0, 20.643, -17.643,  0.000, 
98, 0, 16.866, -23.736,  0.000, 
98, 0, 20.698, -16.814,  0.000, 
98, 0, 31.881, -30.655,  0.000, 

99, 0, 20.578, -18.008,  0.000, 
99, 0, 14.549, -18.163,  0.000, 
99, 0, 20.708, -17.394,  0.000, 
99, 0, 14.324, -22.155,  0.000, 
99, 0, 16.565, -23.728,  0.000, 
99, 0, 20.638, -17.413,  0.000, 
99, 0, 20.676, -17.839,  0.000, 
99, 0, 15.570, -25.046,  0.000, 
99, 0, 30.520, -28.905,  0.000, 
99, 0, 18.038, -26.350,  0.000, 

100, 0, 20.572, -18.051,  0.000, 
100, 0, 14.550, -18.116,  0.000, 
100, 0, 20.640, -18.021,  0.000, 
100, 0, 14.145, -22.056,  0.000, 
100, 0, 16.429, -23.721,  0.000, 
100, 0, 31.774, -27.372,  0.000, 
100, 0, 20.641, -18.044,  0.000, 

101, 0, 20.560, -18.457,  0.000, 
101, 0, 14.575, -18.200,  0.000, 
101, 0, 14.216, -22.084,  0.000, 
101, 0, 16.579, -23.737,  0.000, 
101, 0, 30.299, -29.072,  0.000, 
101, 0, 15.970, -23.762,  0.000, 
101, 0, 18.492, -27.084,  0.000, 
101, 0, 20.583, -18.786,  0.000, 
101, 0, 14.579, -18.136,  0.000, 
101, 0, 17.348, -25.428,  0.000, 

102, 0, 20.556, -18.916,  0.000, 
102, 0, 14.569, -18.285,  0.000, 
102, 0, 14.243, -22.057,  0.000, 
102, 0, 16.394, -23.730,  0.000, 
102, 0, 30.769, -28.739,  0.000, 
102, 0, 17.427, -25.409,  0.000, 
102, 0, 32.017, -27.014,  0.000, 
102, 0, 19.042, -27.088,  0.000, 
102, 0, 28.717, -20.675,  0.000, 
102, 0, 20.641, -18.661,  0.000, 

103, 0, 14.569, -18.729,  0.000, 
103, 0, 14.242, -22.145,  0.000, 
103, 0, 16.444, -23.704,  0.000, 
103, 0, 16.792, -23.708,  0.000, 
103, 0, 31.941, -28.042,  0.000, 
103, 0, 17.948, -25.393,  0.000, 
103, 0, 11.705, -21.796,  0.000, 
103, 0, 31.714, -27.762,  0.000, 
103, 0, 32.652, -25.884,  0.000, 
103, 0, 29.400, -30.522,  0.000, 

104, 0, 14.571, -19.117,  0.000, 
104, 0, 14.550, -22.289,  0.000, 
104, 0, 16.560, -23.742,  0.000, 
104, 0, 11.118, -22.114,  0.000, 
104, 0, 31.211, -27.637,  0.000, 
104, 0, 12.981, -22.157,  0.000, 
104, 0, 32.683, -25.812,  0.000, 
104, 0, 12.235, -22.088,  0.000, 
104, 0,  6.531, -22.092,  0.000, 
104, 0, 32.437, -40.714,  0.000, 

105, 0, 14.557, -19.100,  0.000, 
105, 0, 14.533, -22.250,  0.000, 
105, 0, 29.660, -30.380,  0.000, 
105, 0, 14.541, -22.281,  0.000, 
105, 0, 16.780, -23.734,  0.000, 
105, 0, 12.789, -22.265,  0.000, 

106, 0, 14.555, -19.125,  0.000, 
106, 0, 14.568, -22.267,  0.000, 
106, 0, 16.714, -23.765,  0.000, 
106, 0, 11.946, -22.239,  0.000, 
106, 0, 14.563, -19.112,  0.000, 
106, 0, 14.697, -22.640,  0.000, 
106, 0, 12.830, -22.213,  0.000, 
106, 0, 11.071, -22.196,  0.000, 
106, 0, 16.026, -26.193,  0.000, 

107, 0, 14.579, -19.107,  0.000, 
107, 0, 14.564, -22.272,  0.000, 
107, 0, 11.020, -22.104,  0.000, 
107, 0, 11.952, -22.185,  0.000, 
107, 0, 12.932, -19.520,  0.000, 
107, 0, 16.745, -23.741,  0.000, 
107, 0, 19.733, -26.901,  0.000, 
107, 0, 15.029, -27.072,  0.000, 
107, 0,  6.550, -22.044,  0.000, 
107, 0, -0.185, -21.839,  0.000, 

108, 0, 14.611, -19.103,  0.000, 
108, 0, 14.488, -22.227,  0.000, 
108, 0, 11.833, -22.001,  0.000, 
108, 0, 12.970, -19.462,  0.000, 
108, 0, 16.676, -23.766,  0.000, 
108, 0, 14.561, -19.135,  0.000, 
108, 0, 15.717, -26.979,  0.000, 
108, 0, 15.963, -26.196,  0.000, 
108, 0, 16.296, -23.878,  0.000, 

109, 0, 14.457, -19.149,  0.000, 
109, 0, 14.441, -22.207,  0.000, 
109, 0, 11.955, -22.047,  0.000, 
109, 0, 12.930, -19.411,  0.000, 
109, 0, 16.584, -23.741,  0.000, 
109, 0, 14.800, -27.067,  0.000, 
109, 0, 15.571, -26.984,  0.000, 
109, 0,  5.456, -21.712,  0.000, 
109, 0, 12.586, -22.076,  0.000, 
109, 0, 16.007, -26.022,  0.000, 
109, 0, 13.063, -22.117,  0.000, 

110, 0, 14.385, -19.153,  0.000, 
110, 0, 14.376, -22.268,  0.000, 
110, 0, 12.880, -19.433,  0.000, 
110, 0, 16.301, -23.837,  0.000, 
110, 0,  6.460, -22.431,  0.000, 
110, 0,  6.473, -18.909,  0.000, 
110, 0, 12.665, -22.167,  0.000, 
110, 0, 15.836, -26.061,  0.000, 
110, 0,  6.794, -22.653,  0.000, 
110, 0,  5.901, -21.864,  0.000, 

111, 0, 14.197, -19.174,  0.000, 
111, 0, 14.315, -22.246,  0.000, 
111, 0, 12.865, -19.522,  0.000, 
111, 0, 16.082, -25.227,  0.000, 
111, 0,  6.498, -22.120,  0.000, 
111, 0, 11.176, -21.984,  0.000, 
111, 0, 12.660, -22.118,  0.000, 
111, 0, 12.716, -22.192,  0.000, 
111, 0,  6.578, -18.891,  0.000, 

112, 0, 13.949, -19.124,  0.000, 
112, 0, 14.067, -22.235,  0.000, 
112, 0, 12.930, -19.442,  0.000, 
112, 0,  6.436, -22.083,  0.000, 
112, 0, 11.986, -22.028,  0.000, 
112, 0, 12.392, -22.074,  0.000, 
112, 0, 12.658, -22.114,  0.000, 
112, 0, 11.778, -22.057,  0.000, 
112, 0, 13.543, -22.157,  0.000, 
112, 0, 12.712, -22.110,  0.000, 
112, 0, 12.884, -22.242,  0.000, 

113, 0, 13.678, -19.146,  0.000, 
113, 0, 13.640, -22.205,  0.000, 
113, 0, 12.883, -19.546,  0.000, 
113, 0, -19.832, -22.358,  0.000, 
113, 0, 12.279, -22.181,  0.000, 
113, 0, 12.771, -22.211,  0.000, 
113, 0,  6.563, -22.585,  0.000, 
113, 0, 12.920, -14.879,  0.000, 
113, 0, -22.146, -18.881,  0.000, 
113, 0,  6.295, -19.487,  0.000, 

114, 0, 13.618, -19.136,  0.000, 
114, 0, 13.250, -22.468,  0.000, 
114, 0, 12.867, -19.533,  0.000, 
114, 0, 12.416, -22.179,  0.000, 
114, 0,  5.414, -21.996,  0.000, 
114, 0, 13.134, -14.870,  0.000, 
114, 0,  6.285, -19.417,  0.000, 
114, 0,  6.543, -18.918,  0.000, 
114, 0, 13.614, -22.207,  0.000, 
114, 0, 12.703, -22.200,  0.000, 
114, 0, 11.826, -22.193,  0.000, 
114, 0, 12.743, -22.227,  0.000, 
114, 0,  6.513, -22.367,  0.000, 
114, 0, 10.922, -22.184,  0.000, 
114, 0, -1.831, -21.155,  0.000, 
114, 0, 13.601, -22.205,  0.000, 
114, 0,  6.537, -15.066,  0.000, 
114, 0,  6.521, -23.162,  0.000, 

115, 0, 13.958, -15.208,  0.000, 
115, 0, 12.684, -22.176,  0.000, 
115, 0, 12.910, -19.529,  0.000, 
115, 0,  6.454, -22.004,  0.000, 
115, 0,  6.552, -18.918,  0.000, 
115, 0, 12.893, -22.449,  0.000, 
115, 0, 11.813, -22.151,  0.000, 
115, 0, 10.030, -22.034,  0.000, 
115, 0,  9.999, -22.007,  0.000, 

116, 0, 12.627, -19.533,  0.000, 
116, 0, 12.400, -22.425,  0.000, 
116, 0,  6.445, -21.947,  0.000, 
116, 0,  6.606, -18.725,  0.000, 
116, 0, 12.667, -22.182,  0.000, 
116, 0, 11.784, -22.137,  0.000, 
116, 0, 10.029, -22.026,  0.000, 
116, 0, 10.039, -22.012,  0.000, 
116, 0, 11.950, -22.153,  0.000, 
116, 0, -1.270, -18.084,  0.000, 

117, 0, 12.333, -19.511,  0.000, 
117, 0, 11.797, -22.120,  0.000, 
117, 0,  6.425, -21.987,  0.000, 
117, 0,  6.547, -18.821,  0.000, 
117, 0, 12.229, -19.495,  0.000, 
117, 0, 12.013, -19.486,  0.000, 
117, 0, 10.883, -22.129,  0.000, 
117, 0, 10.896, -19.457,  0.000, 
117, 0, 10.024, -22.077,  0.000, 

118, 0, 11.997, -19.484,  0.000, 
118, 0, 11.545, -22.095,  0.000, 
118, 0,  6.426, -22.037,  0.000, 
118, 0,  6.581, -18.775,  0.000, 
118, 0, 10.893, -19.417,  0.000, 
118, 0,  9.985, -21.976,  0.000, 
118, 0, 11.706, -22.102,  0.000, 
118, 0, 11.829, -15.659,  0.000, 
118, 0, 10.881, -22.119,  0.000, 
118, 0,  8.297, -22.757,  0.000, 
118, 0, 11.723, -22.137,  0.000, 

119, 0, 11.484, -19.433,  0.000, 
119, 0, 11.230, -22.063,  0.000, 
119, 0,  6.378, -21.746,  0.000, 
119, 0,  6.622, -18.626,  0.000, 
119, 0, 10.930, -19.382,  0.000, 
119, 0, 10.043, -21.970,  0.000, 
119, 0, 11.438, -22.073,  0.000, 
119, 0, 10.883, -22.039,  0.000, 
119, 0,  8.274, -22.721,  0.000, 
119, 0, -1.370, -17.953,  0.000, 
119, 0, 10.800, -22.078,  0.000, 
119, 0,  9.911, -21.999,  0.000, 
119, 0, 11.667, -22.124,  0.000, 
119, 0,  6.905, -14.707,  0.000, 

120, 0, 11.222, -19.415,  0.000, 
120, 0, 10.892, -22.033,  0.000, 
120, 0,  6.387, -21.784,  0.000, 
120, 0,  6.622, -18.623,  0.000, 
120, 0, 10.891, -19.400,  0.000, 
120, 0, 11.163, -22.056,  0.000, 
120, 0,  8.269, -22.711,  0.000, 
120, 0,  6.598, -18.645,  0.000, 
120, 0,  8.272, -23.360,  0.000, 

121, 0, 10.728, -19.380,  0.000, 
121, 0, 10.544, -22.008,  0.000, 
121, 0,  6.376, -21.880,  0.000, 
121, 0,  6.590, -18.685,  0.000, 
121, 0,  8.366, -22.909,  0.000, 
121, 0,  9.889, -21.995,  0.000, 
121, 0, 11.161, -19.347,  0.000, 
121, 0,  6.348, -18.995,  0.000, 

122, 0, 10.334, -19.360,  0.000, 
122, 0, 10.107, -21.984,  0.000, 
122, 0,  6.353, -21.837,  0.000, 
122, 0,  6.568, -18.701,  0.000, 
122, 0,  7.945, -23.067,  0.000, 
122, 0,  6.344, -21.837,  0.000, 
122, 0, -2.664, -19.755,  0.000, 
122, 0,  4.375, -19.072,  0.000, 
122, 0,  6.487, -23.488,  0.000, 
122, 0,  6.227, -23.407,  0.000, 
122, 0, -1.409, -18.151,  0.000, 

123, 0,  9.975, -19.336,  0.000, 
123, 0,  9.902, -21.990,  0.000, 
123, 0,  6.357, -21.826,  0.000, 
123, 0,  6.547, -18.708,  0.000, 
123, 0,  8.164, -22.772,  0.000, 
123, 0,  6.398, -23.447,  0.000, 
123, 0, -1.422, -18.149,  0.000, 
123, 0,  9.849, -19.345,  0.000, 
123, 0,  6.803, -14.766,  0.000, 
123, 0, 10.493, -15.612,  0.000, 
123, 0,  8.214, -22.740,  0.000, 
123, 0,  9.056, -23.672,  0.000, 
123, 0,  6.348, -26.122,  0.000, 
123, 0,  6.939, -23.500,  0.000, 
123, 0,  4.382, -19.002,  0.000, 
123, 0,  9.124, -23.613,  0.000, 

124, 0,  9.652, -19.330,  0.000, 
124, 0,  9.830, -22.268,  0.000, 
124, 0,  6.330, -21.893,  0.000, 
124, 0,  6.617, -18.536,  0.000, 
124, 0,  8.351, -22.833,  0.000, 
124, 0,  6.470, -23.454,  0.000, 
124, 0,  9.527, -19.329,  0.000, 
124, 0,  6.822, -14.745,  0.000, 
124, 0,  9.876, -22.255,  0.000, 
124, 0,  7.140, -23.411,  0.000, 
124, 0,  9.384, -19.330,  0.000, 
124, 0,  9.034, -23.496,  0.000, 
124, 0,  9.854, -19.347,  0.000, 

125, 0,  9.180, -19.312,  0.000, 
125, 0,  6.349, -21.801,  0.000, 
125, 0,  6.627, -18.676,  0.000, 
125, 0,  8.290, -22.771,  0.000, 
125, 0,  6.954, -14.734,  0.000, 
125, 0,  9.037, -23.559,  0.000, 
125, 0,  7.198, -23.434,  0.000, 
125, 0,  6.400, -18.946,  0.000, 
125, 0,  9.582, -15.567,  0.000, 
125, 0, -17.594, -18.129,  0.000, 
125, 0, -1.367, -18.136,  0.000, 

126, 0,  6.363, -21.799,  0.000, 
126, 0,  6.671, -18.651,  0.000, 
126, 0,  8.312, -22.875,  0.000, 
126, 0,  7.014, -14.726,  0.000, 
126, 0,  8.983, -23.579,  0.000, 
126, 0,  6.412, -18.922,  0.000, 
126, 0,  9.723, -15.577,  0.000, 
126, 0, -1.305, -17.972,  0.000, 
126, 0,  9.175, -19.308,  0.000, 
126, 0,  6.231, -23.322,  0.000, 
126, 0,  8.959, -23.595,  0.000, 
126, 0,  7.189, -23.398,  0.000, 
126, 0,  4.441, -18.943,  0.000, 
126, 0,  8.228, -22.782,  0.000, 
126, 0,  8.015, -13.198,  0.000, 

127, 0,  6.321, -21.822,  0.000, 
127, 0,  6.403, -18.938,  0.000, 
127, 0,  8.267, -22.767,  0.000, 
127, 0,  7.077, -14.708,  0.000, 
127, 0,  8.981, -14.598,  0.000, 
127, 0, -1.282, -17.992,  0.000, 
127, 0,  7.180, -23.401,  0.000, 
127, 0,  4.421, -19.076,  0.000, 
127, 0,  6.652, -18.673,  0.000, 
127, 0,  6.420, -18.877,  0.000, 
127, 0,  6.340, -23.439,  0.000, 
127, 0,  8.285, -22.777,  0.000, 
127, 0,  6.210, -23.394,  0.000, 

128, 0,  6.308, -21.815,  0.000, 
128, 0,  6.440, -18.939,  0.000, 
128, 0,  7.959, -23.045,  0.000, 
128, 0,  7.001, -14.735,  0.000, 
128, 0,  8.870, -14.603,  0.000, 
128, 0, -1.341, -18.148,  0.000, 
128, 0,  6.057, -25.842,  0.000, 
128, 0,  4.429, -19.074,  0.000, 
128, 0,  8.264, -22.776,  0.000, 
128, 0,  7.821, -13.223,  0.000, 
128, 0,  6.595, -18.710,  0.000, 
128, 0,  7.235, -23.439,  0.000, 
128, 0, -17.560, -17.982,  0.000, 
128, 0,  6.205, -23.370,  0.000, 

129, 0,  6.262, -21.802,  0.000, 
129, 0,  6.372, -18.973,  0.000, 
129, 0,  7.528, -23.500,  0.000, 
129, 0,  6.888, -14.735,  0.000, 
129, 0,  8.633, -14.130,  0.000, 
129, 0, -1.317, -17.978,  0.000, 
129, 0,  6.065, -25.841,  0.000, 
129, 0,  4.401, -19.043,  0.000, 
129, 0,  7.838, -23.059,  0.000, 
129, 0,  6.631, -18.699,  0.000, 
129, 0,  7.194, -23.445,  0.000, 
129, 0,  7.835, -23.050,  0.000, 
129, 0,  6.384, -18.965,  0.000, 

130, 0,  6.372, -21.824,  0.000, 
130, 0,  6.361, -18.957,  0.000, 
130, 0,  7.188, -23.432,  0.000, 
130, 0,  6.596, -18.693,  0.000, 
130, 0,  6.834, -14.749,  0.000, 
130, 0, -1.357, -18.060,  0.000, 
130, 0,  4.408, -19.038,  0.000, 
130, 0,  7.241, -23.422,  0.000, 
130, 0,  4.194, -21.585,  0.000, 
130, 0,  7.563, -23.506,  0.000, 

131, 0,  6.401, -21.830,  0.000, 
131, 0,  6.395, -18.982,  0.000, 
131, 0,  6.833, -23.494,  0.000, 
131, 0,  6.640, -18.701,  0.000, 
131, 0,  5.320, -21.706,  0.000, 
131, 0,  7.217, -23.452,  0.000, 
131, 0,  4.361, -19.108,  0.000, 
131, 0, -1.439, -18.470,  0.000, 
131, 0, -19.031, -17.324,  0.000, 

132, 0,  6.324, -21.821,  0.000, 
132, 0,  6.408, -18.988,  0.000, 
132, 0,  5.426, -21.732,  0.000, 

133, 0,  5.929, -21.812,  0.000, 
133, 0,  6.144, -18.989,  0.000, 
133, 0,  5.385, -21.717,  0.000, 
133, 0,  4.387, -19.120,  0.000, 
133, 0,  5.966, -18.976,  0.000, 
133, 0,  6.075, -21.812,  0.000, 
133, 0,  3.628, -21.538,  0.000, 
133, 0,  4.072, -21.565,  0.000, 
133, 0,  4.261, -21.784,  0.000, 
133, 0, -1.421, -18.435,  0.000, 

134, 0,  5.629, -21.805,  0.000, 
134, 0,  5.714, -18.696,  0.000, 
134, 0,  5.340, -21.714,  0.000, 
134, 0,  4.353, -19.174,  0.000, 
134, 0,  5.360, -14.722,  0.000, 
134, 0, -1.407, -18.454,  0.000, 
134, 0,  5.929, -18.965,  0.000, 
134, 0,  4.701, -14.769,  0.000, 
134, 0,  3.677, -21.612,  0.000, 

135, 0,  5.112, -21.709,  0.000, 
135, 0,  5.728, -14.798,  0.000, 
135, 0,  4.330, -19.198,  0.000, 
135, 0,  4.672, -14.758,  0.000, 
135, 0, -1.432, -18.489,  0.000, 
135, 0,  5.715, -18.669,  0.000, 
135, 0,  2.401, -21.698,  0.000, 
135, 0,  5.673, -21.834,  0.000, 
135, 0,  5.425, -21.749,  0.000, 
135, 0,  4.154, -21.616,  0.000, 
135, 0,  5.272, -21.732,  0.000, 

136, 0,  4.767, -21.713,  0.000, 
136, 0,  5.316, -14.683,  0.000, 
136, 0,  4.334, -19.234,  0.000, 
136, 0,  4.676, -14.763,  0.000, 
136, 0, -1.426, -18.501,  0.000, 
136, 0,  2.385, -21.691,  0.000, 
136, 0,  4.175, -21.621,  0.000, 
136, 0,  3.657, -21.623,  0.000, 
136, 0,  3.303, -21.643,  0.000, 
136, 0,  3.602, -14.742,  0.000, 

137, 0,  4.393, -21.718,  0.000, 
137, 0,  4.580, -14.759,  0.000, 
137, 0,  4.326, -19.213,  0.000, 
137, 0, -1.441, -18.584,  0.000, 
137, 0,  4.185, -21.637,  0.000, 
137, 0,  3.685, -21.614,  0.000, 
137, 0,  3.299, -21.600,  0.000, 
137, 0,  2.585, -21.656,  0.000, 
137, 0,  5.222, -14.676,  0.000, 
137, 0,  2.390, -21.684,  0.000, 
137, 0,  2.058, -14.714,  0.000, 

138, 0,  4.053, -21.680,  0.000, 
138, 0,  4.012, -14.644,  0.000, 
138, 0,  4.098, -19.228,  0.000, 
138, 0, -1.393, -18.471,  0.000, 
138, 0,  3.639, -21.586,  0.000, 
138, 0,  3.288, -21.589,  0.000, 
138, 0,  2.193, -21.641,  0.000, 
138, 0,  4.702, -14.784,  0.000, 
138, 0,  2.395, -21.721,  0.000, 
138, 0,  4.260, -21.699,  0.000, 
138, 0,  4.047, -21.625,  0.000, 
138, 0,  4.257, -19.234,  0.000, 

139, 0,  3.671, -21.588,  0.000, 
139, 0,  3.634, -19.200,  0.000, 
139, 0,  3.796, -19.220,  0.000, 
139, 0, -1.413, -18.530,  0.000, 
139, 0,  3.324, -21.626,  0.000, 
139, 0,  3.283, -21.588,  0.000, 
139, 0,  2.383, -21.702,  0.000, 
139, 0,  3.368, -21.592,  0.000, 
139, 0,  0.887, -21.641,  0.000, 
139, 0,  3.521, -21.633,  0.000, 
139, 0,  2.496, -14.729,  0.000, 
139, 0, -0.857, -14.472,  0.000, 

140, 0,  3.280, -21.582,  0.000, 
140, 0,  3.348, -19.214,  0.000, 
140, 0, -1.394, -18.522,  0.000, 
140, 0,  2.997, -21.678,  0.000, 
140, 0,  2.385, -21.685,  0.000, 
140, 0,  0.841, -21.656,  0.000, 
140, 0,  2.516, -14.727,  0.000, 
140, 0,  1.315, -21.647,  0.000, 
140, 0,  3.547, -19.224,  0.000, 
140, 0,  3.451, -14.737,  0.000, 
140, 0,  3.664, -21.615,  0.000, 
140, 0,  3.313, -21.638,  0.000, 
140, 0,  3.687, -21.643,  0.000, 
140, 0, -0.839, -14.428,  0.000, 

141, 0,  2.962, -21.675,  0.000, 
141, 0,  3.052, -19.191,  0.000, 
141, 0, -1.408, -18.548,  0.000, 
141, 0,  2.807, -21.678,  0.000, 
141, 0,  0.851, -21.676,  0.000, 
141, 0,  2.850, -19.183,  0.000, 
141, 0,  3.149, -19.205,  0.000, 
141, 0,  3.115, -14.676,  0.000, 
141, 0,  3.283, -21.583,  0.000, 
141, 0, -0.855, -14.498,  0.000, 
141, 0,  2.357, -21.708,  0.000, 
141, 0, -1.393, -18.539,  0.000, 
141, 0, -3.481, -14.019,  0.000, 

142, 0,  2.585, -21.677,  0.000, 
142, 0,  2.676, -19.171,  0.000, 
142, 0, -1.389, -18.496,  0.000, 
142, 0,  0.818, -21.632,  0.000, 
142, 0,  2.477, -14.731,  0.000, 
142, 0, -0.817, -14.432,  0.000, 
142, 0,  2.331, -21.671,  0.000, 
142, 0,  2.275, -21.599,  0.000, 
142, 0,  1.421, -14.708,  0.000, 
142, 0,  0.404, -21.608,  0.000, 
142, 0,  0.840, -21.664,  0.000, 
142, 0,  2.340, -21.691,  0.000, 
142, 0,  2.879, -21.669,  0.000, 

143, 0,  2.159, -21.657,  0.000, 
143, 0, -1.399, -18.524,  0.000, 
143, 0,  1.999, -21.654,  0.000, 
143, 0,  1.424, -14.713,  0.000, 
143, 0,  0.804, -21.656,  0.000, 
143, 0, -0.289, -21.617,  0.000, 
143, 0,  2.579, -19.161,  0.000, 
143, 0, -0.009, -21.572,  0.000, 
143, 0,  2.249, -21.686,  0.000, 
143, 0,  2.948, -14.687,  0.000, 
143, 0, -3.304, -14.000,  0.000, 

144, 0,  1.831, -21.650,  0.000, 
144, 0, -1.399, -18.477,  0.000, 
144, 0,  1.595, -21.646,  0.000, 
144, 0,  1.417, -14.707,  0.000, 
144, 0,  0.002, -21.607,  0.000, 
144, 0, -3.397, -14.017,  0.000, 
144, 0, -0.781, -14.455,  0.000, 
144, 0,  2.094, -21.648,  0.000, 

145, 0,  1.337, -21.647,  0.000, 
145, 0, -1.401, -18.528,  0.000, 
145, 0,  1.415, -14.691,  0.000, 
145, 0, -0.391, -21.576,  0.000, 
145, 0, -0.779, -14.453,  0.000, 
145, 0,  1.201, -21.641,  0.000, 
145, 0,  2.141, -14.680,  0.000, 
145, 0, -0.350, -21.628,  0.000, 
145, 0, -0.807, -21.564,  0.000, 
145, 0, -1.436, -21.581,  0.000, 
145, 0, -3.229, -13.977,  0.000, 
145, 0, -4.195, -14.368,  0.000, 
145, 0, -1.391, -21.553,  0.000, 

146, 0,  1.005, -21.647,  0.000, 
146, 0, -1.358, -18.534,  0.000, 
146, 0,  1.472, -14.697,  0.000, 
146, 0, -0.797, -21.580,  0.000, 
146, 0, -0.703, -14.453,  0.000, 
146, 0,  0.803, -21.621,  0.000, 
146, 0, -1.283, -21.556,  0.000, 
146, 0, -3.380, -14.023,  0.000, 
146, 0,  0.562, -21.766,  0.000, 
146, 0, -0.078, -21.604,  0.000, 
146, 0,  0.899, -21.660,  0.000, 
146, 0,  1.163, -21.644,  0.000, 
146, 0, -1.289, -14.593,  0.000, 

147, 0,  0.498, -21.629,  0.000, 
147, 0, -1.327, -18.537,  0.000, 
147, 0,  1.472, -14.700,  0.000, 
147, 0, -1.396, -21.689,  0.000, 
147, 0, -0.726, -14.479,  0.000, 
147, 0, -0.209, -21.631,  0.000, 
147, 0,  0.449, -21.901,  0.000, 
147, 0,  0.799, -21.621,  0.000, 
147, 0,  0.349, -21.760,  0.000, 
147, 0, -1.219, -14.567,  0.000, 
147, 0,  0.689, -14.209,  0.000, 
147, 0, -3.320, -14.024,  0.000, 
147, 0,  0.128, -21.755,  0.000, 

148, 0,  0.478, -21.641,  0.000, 
148, 0, -1.348, -18.551,  0.000, 
148, 0,  1.106, -14.303,  0.000, 
148, 0, -1.396, -21.673,  0.000, 
148, 0, -1.273, -14.586,  0.000, 
148, 0, -0.209, -21.637,  0.000, 
148, 0,  0.103, -21.892,  0.000, 
148, 0,  0.273, -14.214,  0.000, 
148, 0, -0.206, -21.645,  0.000, 
148, 0,  0.380, -21.745,  0.000, 
148, 0, -0.787, -14.463,  0.000, 

149, 0,  0.149, -21.731,  0.000, 
149, 0, -1.350, -18.549,  0.000, 
149, 0,  0.031, -14.203,  0.000, 
149, 0, -1.359, -21.616,  0.000, 
149, 0, -1.239, -14.589,  0.000, 
149, 0, -0.202, -21.648,  0.000, 
149, 0,  0.092, -21.612,  0.000, 
149, 0, -0.789, -14.454,  0.000, 
149, 0, -1.335, -18.546,  0.000, 

150, 0, -1.338, -18.529,  0.000, 
150, 0, -0.749, -14.470,  0.000, 
150, 0, -1.387, -21.599,  0.000, 
150, 0, -1.234, -14.573,  0.000, 
150, 0, -0.530, -21.873,  0.000, 
150, 0, -0.255, -21.621,  0.000, 

151, 0, -1.344, -18.541,  0.000, 
151, 0, -1.382, -14.601,  0.000, 
151, 0, -1.353, -21.625,  0.000, 
151, 0, -0.965, -21.870,  0.000, 
151, 0, -2.850, -22.045,  0.000, 
151, 0, -1.351, -21.623,  0.000, 
151, 0, -1.424, -14.606,  0.000, 

152, 0, -1.421, -18.588,  0.000, 
152, 0, -1.388, -21.613,  0.000, 
152, 0, -1.373, -21.617,  0.000, 

153, 0, -1.787, -18.584,  0.000, 
153, 0, -1.695, -21.665,  0.000, 
153, 0, -4.814, -14.510,  0.000, 
153, 0, -1.388, -21.615,  0.000, 
153, 0, -2.960, -22.033,  0.000, 
153, 0, -1.417, -21.619,  0.000, 
153, 0, -1.946, -21.664,  0.000, 

154, 0, -2.187, -18.583,  0.000, 
154, 0, -1.988, -21.663,  0.000, 
154, 0, -4.869, -14.541,  0.000, 
154, 0, -1.887, -18.581,  0.000, 

155, 0, -2.203, -18.573,  0.000, 
155, 0, -2.214, -21.682,  0.000, 
155, 0, -4.944, -14.622,  0.000, 
155, 0, -2.213, -21.701,  0.000, 
155, 0, -3.533, -14.086,  0.000, 
155, 0, -3.470, -22.011,  0.000, 
155, 0, -2.639, -22.007,  0.000, 
155, 0, -3.506, -22.007,  0.000, 
155, 0, -4.267, -14.543,  0.000, 
155, 0, -11.007, -22.619,  0.000, 

156, 0, -2.673, -22.030,  0.000, 
156, 0, -4.988, -14.667,  0.000, 
156, 0, -4.442, -14.452,  0.000, 
156, 0, -3.414, -22.018,  0.000, 
156, 0, -2.891, -22.053,  0.000, 
156, 0, -5.880, -22.079,  0.000, 
156, 0, -2.279, -14.615,  0.000, 
156, 0, -3.435, -22.020,  0.000, 
156, 0, -2.593, -22.048,  0.000, 
156, 0, -3.710, -14.299,  0.000, 

157, 0, -3.350, -22.042,  0.000, 
157, 0, -5.104, -14.742,  0.000, 
157, 0, -4.379, -14.569,  0.000, 
157, 0, -3.580, -22.125,  0.000, 
157, 0, -2.415, -14.609,  0.000, 
157, 0, -3.032, -22.082,  0.000, 
157, 0, -10.853, -22.849,  0.000, 
157, 0, -8.723, -14.173,  0.000, 

158, 0, -3.723, -22.105,  0.000, 
158, 0, -4.986, -14.667,  0.000, 
158, 0, -2.257, -14.643,  0.000, 
158, 0, -10.943, -22.620,  0.000, 
158, 0, -4.022, -22.098,  0.000, 
158, 0, -3.538, -14.180,  0.000, 
158, 0, -4.327, -14.549,  0.000, 

159, 0, -3.976, -22.144,  0.000, 
159, 0, -4.931, -14.677,  0.000, 
159, 0, -2.368, -14.263,  0.000, 
159, 0, -10.936, -22.626,  0.000, 
159, 0, -4.319, -22.127,  0.000, 
159, 0, -4.248, -14.525,  0.000, 
159, 0, -4.049, -22.131,  0.000, 
159, 0, -4.249, -22.135,  0.000, 
159, 0, -5.962, -22.142,  0.000, 
159, 0, -6.486, -22.164,  0.000, 

160, 0, -4.423, -22.163,  0.000, 
160, 0, -5.007, -14.670,  0.000, 
160, 0, -10.864, -22.744,  0.000, 
160, 0, -4.949, -22.140,  0.000, 
160, 0, -4.189, -14.526,  0.000, 
160, 0, -8.691, -14.189,  0.000, 
160, 0, -4.231, -14.552,  0.000, 

161, 0, -4.776, -22.171,  0.000, 
161, 0, -4.967, -14.695,  0.000, 
161, 0, -10.814, -22.747,  0.000, 
161, 0, -5.042, -22.147,  0.000, 
161, 0, -6.452, -14.514,  0.000, 
161, 0, -5.311, -22.110,  0.000, 

162, 0, -5.336, -22.094,  0.000, 
162, 0, -5.274, -14.674,  0.000, 
162, 0, -10.857, -22.683,  0.000, 

163, 0, -5.661, -22.138,  0.000, 
163, 0, -5.239, -14.728,  0.000, 
163, 0, -10.777, -22.769,  0.000, 
163, 0, -7.452, -21.749,  0.000, 
163, 0, -5.965, -22.170,  0.000, 
163, 0, -5.317, -22.101,  0.000, 
163, 0, -7.319, -22.108,  0.000, 

164, 0, -5.946, -22.198,  0.000, 
164, 0, -5.391, -14.709,  0.000, 
164, 0, -6.186, -22.208,  0.000, 
164, 0, -5.650, -22.162,  0.000, 
164, 0, -6.799, -14.585,  0.000, 
164, 0, -10.635, -23.237,  0.000, 
164, 0, -6.520, -22.208,  0.000, 
164, 0, -6.259, -14.535,  0.000, 
164, 0, -5.879, -22.209,  0.000, 

165, 0, -6.160, -22.245,  0.000, 
165, 0, -5.411, -14.714,  0.000, 
165, 0, -6.736, -14.583,  0.000, 
165, 0, -6.247, -14.532,  0.000, 
165, 0, -9.642, -24.126,  0.000, 
165, 0, -10.647, -23.235,  0.000, 
165, 0, -6.171, -22.254,  0.000, 
165, 0, -6.536, -22.211,  0.000, 
165, 0, -9.207, -14.648,  0.000, 
165, 0, -6.238, -22.213,  0.000, 
165, 0, -9.989, -14.549,  0.000, 

166, 0, -6.702, -22.261,  0.000, 
166, 0, -5.414, -14.724,  0.000, 
166, 0, -7.013, -14.581,  0.000, 
166, 0, -9.260, -14.680,  0.000, 
166, 0, -6.624, -22.227,  0.000, 
166, 0, -7.217, -22.243,  0.000, 
166, 0, -6.177, -14.526,  0.000, 
166, 0, -19.571, -8.689,  0.000, 
166, 0, -10.706, -23.245,  0.000, 
166, 0, -9.330, -28.363,  0.000, 

167, 0, -7.177, -22.230,  0.000, 
167, 0, -5.637, -14.612,  0.000, 
167, 0, -7.087, -14.560,  0.000, 
167, 0, -8.917, -14.556,  0.000, 
167, 0, -19.526, -8.685,  0.000, 
167, 0, -10.649, -22.967,  0.000, 
167, 0, -8.914, -14.371,  0.000, 
167, 0, -9.760, -14.406,  0.000, 
167, 0, -10.754, -23.183,  0.000, 
167, 0, -9.595, -24.166,  0.000, 

168, 0, -6.931, -14.589,  0.000, 
168, 0, -9.158, -14.616,  0.000, 
168, 0, -19.450, -8.601,  0.000, 
168, 0, -9.785, -14.418,  0.000, 
168, 0, -10.597, -22.993,  0.000, 
168, 0, -9.545, -24.208,  0.000, 

169, 0, -7.211, -14.558,  0.000, 
169, 0, -9.140, -14.599,  0.000, 
169, 0, -10.061, -14.565,  0.000, 
169, 0, -7.758, -14.497,  0.000, 
169, 0, -10.562, -23.019,  0.000, 
169, 0, -8.797, -14.404,  0.000, 

170, 0, -9.265, -14.680,  0.000, 
170, 0, -10.092, -14.582,  0.000, 
170, 0, -18.278, -29.921,  0.000, 
170, 0, -10.671, -23.235,  0.000, 
170, 0, -10.623, -23.081,  0.000, 
170, 0, -10.246, -25.519,  0.000, 
170, 0, -8.689, -14.444,  0.000, 

171, 0, -9.264, -14.625,  0.000, 
171, 0, -10.252, -14.620,  0.000, 
171, 0, -7.802, -14.515,  0.000, 
171, 0, -10.511, -23.059,  0.000, 
171, 0, -10.182, -25.519,  0.000, 

172, 0, -9.104, -14.613,  0.000, 
172, 0, -10.370, -14.680,  0.000, 
172, 0, -7.785, -14.504,  0.000, 
172, 0, -18.535, -35.159,  0.000, 
172, 0, -8.757, -14.430,  0.000, 
172, 0, -10.613, -23.051,  0.000, 
172, 0, -8.649, -14.483,  0.000, 
172, 0, -10.300, -25.483,  0.000, 

173, 0, -9.223, -14.603,  0.000, 
173, 0, -10.032, -14.571,  0.000, 
173, 0, -7.752, -14.519,  0.000, 
173, 0, -8.639, -14.482,  0.000, 
173, 0, -10.701, -23.026,  0.000, 
173, 0, -17.372, -20.508,  0.000, 

174, 0, -9.211, -14.595,  0.000, 
174, 0, -10.341, -14.628,  0.000, 
174, 0, -7.793, -14.522,  0.000, 
174, 0, -10.715, -22.980,  0.000, 
174, 0, -18.880, -35.031,  0.000, 
174, 0, -17.379, -20.457,  0.000, 
174, 0, -10.434, -14.485,  0.000, 
174, 0, -20.373,  2.011,  0.000, 

175, 0, -9.182, -14.615,  0.000, 
175, 0, -10.339, -14.626,  0.000, 
175, 0, -18.283, -29.974,  0.000, 
175, 0, -20.639,  1.861,  0.000, 
175, 0, -18.770, -34.982,  0.000, 
175, 0, -11.339, -13.698,  0.000, 

176, 0, -9.199, -14.609,  0.000, 
176, 0, -10.343, -14.615,  0.000, 
176, 0, -20.563,  1.927,  0.000, 
176, 0, -18.037, -30.427,  0.000, 
176, 0, -11.252, -13.686,  0.000, 
176, 0, -10.450, -14.499,  0.000, 
176, 0, -8.026, -14.233,  0.000, 

177, 0, -9.382, -14.549,  0.000, 
177, 0, -10.437, -14.623,  0.000, 
177, 0, -11.321, -13.701,  0.000, 
177, 0, -10.630, -14.513,  0.000, 
177, 0, -8.866, -14.411,  0.000, 
177, 0, -18.642, -26.043,  0.000, 

178, 0, -9.334, -14.548,  0.000, 
178, 0, -10.405, -14.643,  0.000, 
178, 0, -11.277, -13.675,  0.000, 
178, 0, -17.349, -20.691,  0.000, 
178, 0, -18.686, -26.052,  0.000, 

179, 0, -9.312, -14.577,  0.000, 
179, 0, -10.440, -14.629,  0.000, 
179, 0, -11.336, -13.707,  0.000, 
179, 0, -20.785,  1.772,  0.000, 

180, 0, -10.362, -14.656,  0.000, 
180, 0, -11.365, -13.677,  0.000, 
180, 0, -21.230,  1.940,  0.000, 
180, 0, -15.529,  4.325,  0.000, 
180, 0, -9.328, -14.588,  0.000, 
180, 0, -18.892, -18.032,  0.000, 

181, 0, -10.670, -14.547,  0.000, 
181, 0, -11.561, -13.723,  0.000, 
181, 0, -9.620, -14.328,  0.000, 
181, 0, -20.787,  2.128,  0.000, 
181, 0, -17.444, -20.580,  0.000, 
181, 0, -16.527,  4.138,  0.000, 
181, 0, -11.003, -14.293,  0.000, 
181, 0, -19.196, -22.696,  0.000, 
181, 0, -19.348, -19.988,  0.000, 

182, 0, -10.688, -14.566,  0.000, 
182, 0, -11.581, -13.699,  0.000, 
182, 0, -9.471, -14.542,  0.000, 
182, 0, -14.047, 10.403,  0.000, 
182, 0, -17.451, -20.652,  0.000, 
182, 0, -11.014, -14.265,  0.000, 
182, 0, -18.048,  5.169,  0.000, 
182, 0, -19.344, -20.065,  0.000, 

183, 0, -10.765, -14.531,  0.000, 
183, 0, -11.545, -13.731,  0.000, 
183, 0, -9.440, -14.598,  0.000, 
183, 0, -15.168, 10.258,  0.000, 
183, 0, -10.689, -14.511,  0.000, 
183, 0, -17.440, -20.646,  0.000, 
183, 0, -10.956, -14.266,  0.000, 
183, 0, -19.389, -19.964,  0.000, 
183, 0, -21.006,  1.704,  0.000, 

184, 0, -10.834, -14.452,  0.000, 
184, 0, -11.553, -13.690,  0.000, 
184, 0, -9.482, -14.533,  0.000, 
184, 0, -10.971, -14.320,  0.000, 
184, 0, -12.076, -12.256,  0.000, 
184, 0, -20.779,  1.894,  0.000, 
184, 0, -14.677,  7.648,  0.000, 
184, 0, -16.210,  4.247,  0.000, 
184, 0, -19.421, -19.924,  0.000, 

185, 0, -10.947, -14.299,  0.000, 
185, 0, -11.562, -13.704,  0.000, 
185, 0, -10.939, -14.311,  0.000, 
185, 0, -10.724, -14.546,  0.000, 

186, 0, -10.948, -14.308,  0.000, 
186, 0, -11.670, -13.616,  0.000, 
186, 0, -10.925, -14.351,  0.000, 
186, 0, -11.490, -13.732,  0.000, 
186, 0, -11.688, -13.604,  0.000, 
186, 0, -10.780, -14.523,  0.000, 

187, 0, -10.949, -14.350,  0.000, 
187, 0, -11.865, -13.470,  0.000, 
187, 0, -10.927, -14.323,  0.000, 
187, 0, -11.640, -13.659,  0.000, 
187, 0, -16.735,  5.627,  0.000, 
187, 0, -10.772, -14.556,  0.000, 
187, 0, -12.966,  9.534,  0.000, 

188, 0, -10.944, -14.261,  0.000, 
188, 0, -11.827, -13.476,  0.000, 
188, 0, -11.687, -13.595,  0.000, 
188, 0, -10.925, -14.338,  0.000, 
188, 0, -20.037,  2.254,  0.000, 

189, 0, -10.958, -14.122,  0.000, 
189, 0, -11.840, -13.447,  0.000, 
189, 0, -10.785, -13.960,  0.000, 

190, 0, -11.864, -13.412,  0.000, 
190, 0, -11.814, -13.393,  0.000, 
190, 0, -10.926, -14.074,  0.000, 
190, 0, -12.028, -12.181,  0.000, 
190, 0, -11.814, -13.067,  0.000, 
190, 0, -20.306,  2.210,  0.000, 
190, 0, -10.800, -14.033,  0.000, 
190, 0, -15.343,  4.525,  0.000, 
190, 0, -11.937, -12.202,  0.000, 
190, 0, -8.840,  4.449,  0.000, 
190, 0, -13.809,  7.882,  0.000, 

191, 0, -11.896, -13.216,  0.000, 
191, 0, -11.826, -13.114,  0.000, 
191, 0, -11.853, -13.452,  0.000, 
191, 0, -12.028, -12.182,  0.000, 
191, 0, -11.824, -12.302,  0.000, 
191, 0, -20.051,  2.307,  0.000, 
191, 0, -11.809, -13.390,  0.000, 
191, 0, -23.064, -9.177,  0.000, 

192, 0, -11.891, -13.160,  0.000, 
192, 0, -12.049, -12.162,  0.000, 
192, 0, -11.846, -12.752,  0.000, 
192, 0, -11.892, -12.261,  0.000, 
192, 0, -11.860, -13.412,  0.000, 
192, 0, -11.790, -13.419,  0.000, 
192, 0, -8.144,  4.258,  0.000, 

193, 0, -11.830, -12.926,  0.000, 
193, 0, -12.017, -11.830,  0.000, 
193, 0, -12.059, -12.144,  0.000, 
193, 0, -11.867, -13.112,  0.000, 
193, 0, -8.056,  4.218,  0.000, 
193, 0, -10.050, -7.980,  0.000, 
193, 0, -19.861,  2.406,  0.000, 

194, 0, -11.782, -12.739,  0.000, 
194, 0, -12.028, -11.612,  0.000, 
194, 0, -12.037, -11.809,  0.000, 
194, 0, -10.088, -7.981,  0.000, 
194, 0, -12.074, -12.144,  0.000, 

195, 0, -12.080, -12.104,  0.000, 
195, 0, -12.032, -11.908,  0.000, 
195, 0, -11.971, -11.562,  0.000, 
195, 0, -9.838, -8.133,  0.000, 
195, 0, -19.366,  2.735,  0.000, 

196, 0, -11.976, -11.586,  0.000, 
196, 0, -11.995, -11.820,  0.000, 
196, 0, -11.950, -11.740,  0.000, 
196, 0, -11.962, -12.050,  0.000, 
196, 0, -7.624,  4.234,  0.000, 

197, 0, -11.865, -11.437,  0.000, 
197, 0, -11.784, -11.424,  0.000, 
197, 0, -7.339,  4.134,  0.000, 
197, 0, -19.321, -10.803,  0.000, 
197, 0, -11.948, -11.536,  0.000, 
197, 0, -10.189, -7.817,  0.000, 

198, 0, -7.654,  4.261,  0.000, 
198, 0, -10.138, -7.836,  0.000, 

199, 0, -7.971,  4.368,  0.000, 
199, 0, -9.999, -8.012,  0.000, 
199, 0, -19.335, -7.923,  0.000, 
199, 0, -19.491,  2.644,  0.000, 

200, 0, -7.463,  4.208,  0.000, 
200, 0, -10.196, -7.761,  0.000, 
200, 0, -9.993, -8.019,  0.000, 
200, 0, -19.327, -10.405,  0.000, 
200, 0, -7.580, -8.047,  0.000, 
200, 0, -10.254, -7.651,  0.000, 
200, 0, -22.540, -10.266,  0.000, 

201, 0, -7.862,  4.398,  0.000, 
201, 0, -10.406, -7.560,  0.000, 
201, 0, -22.985, -9.181,  0.000, 

202, 0, -8.370,  4.565,  0.000, 
202, 0, -10.414, -7.527,  0.000, 
202, 0, -11.755, -9.491,  0.000, 
202, 0, -22.996, -9.271,  0.000, 
202, 0, -20.191,  2.282,  0.000, 

203, 0, -7.801,  4.392,  0.000, 
203, 0, -10.441, -7.467,  0.000, 
203, 0, -11.679, -8.901,  0.000, 
203, 0, -3.377,  5.480,  0.000, 
203, 0, -23.015, -9.658,  0.000, 

204, 0, -10.503, -7.214,  0.000, 
204, 0, -11.711, -8.941,  0.000, 
204, 0, -2.324,  4.700,  0.000, 
204, 0, -10.411, -7.521,  0.000, 
204, 0, -19.895, -6.221,  0.000, 
204, 0, -19.488,  2.752,  0.000, 
204, 0, -12.059,  9.727,  0.000, 

205, 0, -10.425, -7.332,  0.000, 
205, 0, -2.535,  4.770,  0.000, 
205, 0, -12.662,  8.194,  0.000, 
205, 0, -7.254,  4.178,  0.000, 
205, 0, -10.369, -7.583,  0.000, 

206, 0, -10.445, -7.227,  0.000, 
206, 0, -2.589,  4.826,  0.000, 
206, 0, -12.410,  7.988,  0.000, 
206, 0, -7.784,  4.388,  0.000, 
206, 0, -11.263, -7.763,  0.000, 
206, 0, -10.380, -7.568,  0.000, 
206, 0, -16.196,  4.267,  0.000, 
206, 0, -19.391, -6.100,  0.000, 
206, 0, -19.272,  2.899,  0.000, 

207, 0, -10.454, -7.192,  0.000, 
207, 0, -2.464,  4.755,  0.000, 
207, 0, -11.609,  9.819,  0.000, 
207, 0, -7.838,  4.321,  0.000, 
207, 0, -19.294,  2.969,  0.000, 
207, 0, -19.480, -6.772,  0.000, 
207, 0, -15.859,  5.993,  0.000, 
207, 0, -13.145,  8.136,  0.000, 

208, 0, -10.476, -6.726,  0.000, 
208, 0, -2.777,  5.046,  0.000, 
208, 0, -12.187,  8.651,  0.000, 
208, 0, -8.166,  4.538,  0.000, 
208, 0, -19.418,  2.823,  0.000, 

209, 0, -10.490, -6.650,  0.000, 
209, 0, -2.682,  4.950,  0.000, 
209, 0, -7.626,  4.291,  0.000, 
209, 0, -12.384,  8.229,  0.000, 
209, 0, -19.566,  2.713,  0.000, 
209, 0, -19.243, -3.576,  0.000, 

210, 0, -10.460, -6.400,  0.000, 
210, 0, -2.693,  4.961,  0.000, 
210, 0, -7.385,  4.252,  0.000, 
210, 0, -12.080,  9.096,  0.000, 
210, 0, -10.485, -6.616,  0.000, 
210, 0, -16.205,  4.284,  0.000, 
210, 0, -18.884,  3.325,  0.000, 

211, 0, -10.461, -6.363,  0.000, 
211, 0, -2.712,  5.014,  0.000, 
211, 0, -7.710,  4.371,  0.000, 
211, 0, -12.367,  8.439,  0.000, 
211, 0, -19.427,  2.882,  0.000, 

212, 0, -10.380, -6.166,  0.000, 
212, 0, -2.419,  4.769,  0.000, 
212, 0, -7.766,  4.427,  0.000, 
212, 0, -12.248,  8.219,  0.000, 
212, 0, -19.035,  3.200,  0.000, 
212, 0, -10.274, -5.866,  0.000, 
212, 0, -16.183,  4.312,  0.000, 

213, 0, -10.265, -5.840,  0.000, 
213, 0, -2.512,  4.877,  0.000, 
213, 0, -7.467,  4.305,  0.000, 
213, 0, -12.686,  8.251,  0.000, 
213, 0, -19.096,  3.136,  0.000, 
213, 0, -16.144,  4.339,  0.000, 
213, 0, -10.344, -6.102,  0.000, 
213, 0,  3.040,  4.193,  0.000, 

214, 0, -10.161, -5.685,  0.000, 
214, 0, -2.676,  5.044,  0.000, 
214, 0, -7.959,  4.547,  0.000, 
214, 0, -18.699,  3.533,  0.000, 
214, 0,  2.459,  4.990,  0.000, 
214, 0, -19.377,  2.922,  0.000, 
214, 0, -23.786,  2.849,  0.000, 
214, 0, -16.205,  4.328,  0.000, 

215, 0, -9.873, -5.280,  0.000, 
215, 0, -2.880,  5.192,  0.000, 
215, 0, -7.642,  4.417,  0.000, 
215, 0, -18.421,  4.468,  0.000, 
215, 0,  2.934,  4.567,  0.000, 
215, 0, -18.734,  3.548,  0.000, 
215, 0, -22.040,  3.156,  0.000, 
215, 0, -12.926,  8.212,  0.000, 
215, 0, -10.066, -5.585,  0.000, 
215, 0, -16.485,  4.199,  0.000, 
215, 0, -19.559,  2.749,  0.000, 
215, 0, -11.856,  9.583,  0.000, 

216, 0, -9.699, -5.038,  0.000, 
216, 0, -2.537,  4.988,  0.000, 
216, 0, -7.761,  4.441,  0.000, 
216, 0,  2.733,  4.643,  0.000, 
216, 0, -19.615,  2.722,  0.000, 
216, 0, -12.070,  8.238,  0.000, 
216, 0, -9.821, -5.172,  0.000, 
216, 0, -18.784,  3.513,  0.000, 
216, 0, -9.856, -5.227,  0.000, 
216, 0, -22.353,  3.249,  0.000, 
216, 0, -14.327,  6.954,  0.000, 

217, 0, -9.546, -4.848,  0.000, 
217, 0, -2.867,  5.237,  0.000, 
217, 0, -7.406,  4.364,  0.000, 
217, 0,  2.866,  4.558,  0.000, 
217, 0, -18.906,  3.417,  0.000, 
217, 0, -10.806, -2.888,  0.000, 
217, 0, -18.357,  3.940,  0.000, 
217, 0, -9.678, -5.006,  0.000, 
217, 0, -8.129,  4.641,  0.000, 
217, 0, -20.222,  2.926,  0.000, 
217, 0, -14.456,  6.879,  0.000, 
217, 0, -12.297,  8.104,  0.000, 
217, 0,  8.224,  5.056,  0.000, 

218, 0, -9.502, -4.800,  0.000, 
218, 0, -2.377,  4.817,  0.000, 
218, 0, -7.670,  4.437,  0.000, 
218, 0,  2.704,  4.810,  0.000, 
218, 0, -18.474,  3.804,  0.000, 
218, 0, -19.104,  3.274,  0.000, 
218, 0, -11.683,  8.383,  0.000, 
218, 0, -9.091, -4.374,  0.000, 
218, 0, -16.291,  4.344,  0.000, 
218, 0, -12.888,  8.251,  0.000, 

219, 0, -9.206, -4.523,  0.000, 
219, 0, -2.577,  5.033,  0.000, 
219, 0, -7.825,  4.499,  0.000, 
219, 0,  2.977,  4.410,  0.000, 
219, 0, -18.445,  3.881,  0.000, 
219, 0, -12.135,  8.149,  0.000, 
219, 0, -9.090, -4.368,  0.000, 
219, 0, -16.156,  4.432,  0.000, 
219, 0, -9.308, -4.624,  0.000, 
219, 0, -14.108,  7.026,  0.000, 
219, 0, -12.848,  8.222,  0.000, 

220, 0, -8.945, -4.266,  0.000, 
220, 0, -2.621,  5.053,  0.000, 
220, 0, -7.423,  4.382,  0.000, 
220, 0,  2.869,  4.507,  0.000, 
220, 0, -10.521, -2.521,  0.000, 
220, 0, -12.159,  8.151,  0.000, 
220, 0, -15.320,  6.299,  0.000, 
220, 0, -14.330,  6.964,  0.000, 
220, 0, -11.456,  9.847,  0.000, 
220, 0, -18.231,  4.156,  0.000, 
220, 0, -18.172,  5.890,  0.000, 

221, 0, -8.623, -4.001,  0.000, 
221, 0, -2.247,  4.779,  0.000, 
221, 0, -7.182,  4.418,  0.000, 
221, 0,  2.745,  4.796,  0.000, 
221, 0, -11.648,  9.096,  0.000, 
221, 0, -14.664,  6.846,  0.000, 
221, 0, -18.092,  5.218,  0.000, 
221, 0, -2.854,  5.327,  0.000, 
221, 0, -8.879, -4.207,  0.000, 
221, 0, -7.742,  4.533,  0.000, 
221, 0,  8.366,  4.605,  0.000, 
221, 0, -18.350,  4.003,  0.000, 
221, 0, -12.739,  8.318,  0.000, 

222, 0, -8.258, -3.647,  0.000, 
222, 0, -2.568,  5.002,  0.000, 
222, 0, -7.443,  4.429,  0.000, 
222, 0,  2.788,  4.665,  0.000, 
222, 0, -14.166,  7.501,  0.000, 
222, 0, -16.168,  4.450,  0.000, 
222, 0, -8.539, -3.920,  0.000, 
222, 0, -12.024,  8.190,  0.000, 
222, 0, -3.198, -1.890,  0.000, 
222, 0, -8.676, -4.024,  0.000, 
222, 0, -14.130,  4.943,  0.000, 

223, 0, -8.219, -3.618,  0.000, 
223, 0, -2.545,  5.054,  0.000, 
223, 0, -7.562,  4.446,  0.000, 
223, 0,  2.929,  4.472,  0.000, 
223, 0, -16.195,  4.709,  0.000, 
223, 0, -3.198, -1.870,  0.000, 
223, 0, -6.324, -2.908,  0.000, 
223, 0, -7.660, -3.210,  0.000, 
223, 0, -14.166,  4.911,  0.000, 

224, 0, -8.106, -3.522,  0.000, 
224, 0, -2.576,  5.096,  0.000, 
224, 0, -7.054,  4.412,  0.000, 
224, 0,  2.784,  4.742,  0.000, 
224, 0, -3.200, -1.833,  0.000, 
224, 0, -6.312, -2.832,  0.000, 
224, 0, -7.663, -3.207,  0.000, 
224, 0, -12.716,  8.322,  0.000, 
224, 0, -8.411,  5.189,  0.000, 
224, 0, -7.794,  4.585,  0.000, 

225, 0, -7.872, -3.380,  0.000, 
225, 0, -2.448,  4.931,  0.000, 
225, 0, -7.370,  4.481,  0.000, 
225, 0,  2.755,  4.744,  0.000, 
225, 0, -3.231, -1.745,  0.000, 
225, 0, -6.309, -2.796,  0.000, 
225, 0, -7.659, -3.191,  0.000, 
225, 0, -12.096,  8.570,  0.000, 
225, 0, -7.333,  4.441,  0.000, 
225, 0, -13.019,  8.277,  0.000, 
225, 0,  2.435,  5.774,  0.000, 
225, 0,  8.134,  5.230,  0.000, 

226, 0, -7.420, -3.062,  0.000, 
226, 0, -2.537,  5.059,  0.000, 
226, 0, -7.279,  4.436,  0.000, 
226, 0, -3.207, -1.775,  0.000, 
226, 0, -6.343, -2.873,  0.000, 
226, 0, -11.857,  8.362,  0.000, 
226, 0,  3.115,  4.234,  0.000, 
226, 0, -6.674,  4.520,  0.000, 
226, 0, -7.876,  4.657,  0.000, 
226, 0, -13.238,  8.548,  0.000, 
226, 0, -11.407,  9.899,  0.000, 

227, 0, -7.124, -3.024,  0.000, 
227, 0, -2.506,  5.080,  0.000, 
227, 0, -6.837,  4.475,  0.000, 
227, 0, -3.225, -1.876,  0.000, 
227, 0, -6.367, -2.851,  0.000, 
227, 0, -11.786,  9.708,  0.000, 
227, 0, -7.521,  4.476,  0.000, 
227, 0, -7.304, -3.079,  0.000, 
227, 0, -13.943,  7.753,  0.000, 

228, 0, -7.020, -3.049,  0.000, 
228, 0, -6.492,  4.571,  0.000, 
228, 0, -3.200, -1.691,  0.000, 
228, 0, -6.303, -2.774,  0.000, 
228, 0, -11.536,  9.950,  0.000, 
228, 0, -6.958,  4.492,  0.000, 
228, 0, -13.965,  7.739,  0.000, 
228, 0, -5.682, -2.685,  0.000, 
228, 0, -7.581,  4.516,  0.000, 
228, 0, -12.141,  8.498,  0.000, 
228, 0,  2.924,  4.733,  0.000, 

229, 0, -6.542,  4.570,  0.000, 
229, 0, -3.162, -1.647,  0.000, 
229, 0, -6.231, -2.730,  0.000, 
229, 0, -7.248,  4.553,  0.000, 
229, 0, -5.681, -2.684,  0.000, 
229, 0, -7.181,  4.497,  0.000, 
229, 0, -11.923,  9.691,  0.000, 
229, 0,  2.806,  4.753,  0.000, 
229, 0, -7.449, -0.025,  0.000, 
229, 0, -2.639,  5.181,  0.000, 
229, 0, -5.649, -2.687,  0.000, 

230, 0, -7.079,  4.552,  0.000, 
230, 0, -3.160, -1.605,  0.000, 
230, 0, -6.104, -2.674,  0.000, 
230, 0, -6.602,  4.594,  0.000, 
230, 0, -5.564, -2.602,  0.000, 
230, 0, -7.651,  4.537,  0.000, 
230, 0,  2.693,  4.967,  0.000, 
230, 0, -2.191,  5.000,  0.000, 
230, 0, -4.526, -2.509,  0.000, 
230, 0, -12.181,  9.625,  0.000, 
230, 0,  2.418,  6.244,  0.000, 

231, 0, -7.063,  4.508,  0.000, 
231, 0, -3.167, -1.590,  0.000, 
231, 0, -5.534, -2.570,  0.000, 
231, 0,  3.183,  4.525,  0.000, 
231, 0, -1.113,  4.930,  0.000, 
231, 0, -4.565, -2.541,  0.000, 
231, 0,  2.490,  5.366,  0.000, 
231, 0, -12.137,  9.636,  0.000, 
231, 0,  8.187,  5.205,  0.000, 
231, 0, -2.721,  5.273,  0.000, 
231, 0, -2.100,  4.921,  0.000, 
231, 0, -3.139,  6.269,  0.000, 

232, 0, -6.853,  4.513,  0.000, 
232, 0, -3.164, -1.578,  0.000, 
232, 0, -5.460, -2.532,  0.000, 
232, 0,  2.864,  4.724,  0.000, 
232, 0, -2.269,  4.969,  0.000, 
232, 0, -4.561, -2.546,  0.000, 
232, 0, -7.982,  4.735,  0.000, 
232, 0, -2.720,  5.296,  0.000, 
232, 0, -5.498, -2.542,  0.000, 
232, 0, -5.745,  5.033,  0.000, 
232, 0, -6.288,  4.649,  0.000, 
232, 0, -7.310,  4.533,  0.000, 
232, 0, -4.566, -2.564,  0.000, 
232, 0, -7.966,  4.827,  0.000, 

233, 0, -6.786,  4.516,  0.000, 
233, 0, -3.128, -1.624,  0.000, 
233, 0, -5.274, -2.521,  0.000, 
233, 0,  2.990,  4.497,  0.000, 
233, 0, -2.227,  5.011,  0.000, 
233, 0, -4.527, -2.518,  0.000, 
233, 0, -7.303,  4.536,  0.000, 
233, 0, -6.382,  4.629,  0.000, 
233, 0, -5.377, -2.558,  0.000, 
233, 0, -5.450, -2.558,  0.000, 

234, 0, -6.339,  4.603,  0.000, 
234, 0, -3.140, -1.650,  0.000, 
234, 0, -5.193, -2.548,  0.000, 
234, 0,  3.190,  4.401,  0.000, 
234, 0, -2.135,  4.927,  0.000, 
234, 0, -4.531, -2.531,  0.000, 
234, 0, -6.807,  4.552,  0.000, 
234, 0,  0.349, -4.929,  0.000, 
234, 0, -1.362, -5.597,  0.000, 

235, 0, -6.368,  4.618,  0.000, 
235, 0, -3.080, -1.550,  0.000, 
235, 0, -4.772, -2.820,  0.000, 
235, 0, -2.161,  4.986,  0.000, 
235, 0, -5.962,  4.801,  0.000, 
235, 0, -4.485, -2.502,  0.000, 
235, 0, -2.548, -5.942,  0.000, 

236, 0, -6.124,  4.812,  0.000, 
236, 0, -3.094, -1.533,  0.000, 
236, 0, -4.431, -2.478,  0.000, 
236, 0, -2.059,  4.953,  0.000, 
236, 0, -2.592, -5.956,  0.000, 
236, 0,  2.973,  4.791,  0.000, 
236, 0, -2.460,  5.197,  0.000, 
236, 0, -2.942,  5.729,  0.000, 
236, 0, -6.543,  4.577,  0.000, 
236, 0, -1.368,  4.964,  0.000, 
236, 0, -1.233, -5.468,  0.000, 
236, 0, -3.678, -6.107,  0.000, 

237, 0, -6.123,  4.830,  0.000, 
237, 0, -3.020, -1.463,  0.000, 
237, 0, -1.466,  4.952,  0.000, 
237, 0,  3.480,  4.562,  0.000, 
237, 0, -2.140,  5.020,  0.000, 
237, 0, -1.083, -5.482,  0.000, 
237, 0, -3.487, -6.064,  0.000, 
237, 0, -2.588,  5.233,  0.000, 
237, 0, -3.097,  5.730,  0.000, 
237, 0,  2.365,  5.991,  0.000, 
237, 0,  8.015,  5.681,  0.000, 
237, 0, -5.148,  8.583,  0.000, 
237, 0,  2.747,  5.052,  0.000, 

238, 0, -5.556,  5.438,  0.000, 
238, 0, -2.908, -1.396,  0.000, 
238, 0, -1.478,  4.914,  0.000, 
238, 0,  3.039,  4.793,  0.000, 
238, 0, -2.082,  5.034,  0.000, 
238, 0, -2.480,  5.232,  0.000, 
238, 0,  2.717,  5.328,  0.000, 
238, 0, -2.109, -1.340,  0.000, 
238, 0, -2.301, -5.857,  0.000, 

239, 0, -2.912, -1.406,  0.000, 
239, 0, -1.542,  4.920,  0.000, 
239, 0,  2.960,  4.906,  0.000, 
239, 0, -2.148,  5.041,  0.000, 
239, 0, -2.193, -1.436,  0.000, 
239, 0, -0.896, -1.310,  0.000, 
239, 0, 28.565,  6.784,  0.000, 
239, 0,  8.154,  5.516,  0.000, 

240, 0, -2.710, -1.360,  0.000, 
240, 0, -1.874,  4.994,  0.000, 
240, 0,  3.160,  4.716,  0.000, 
240, 0, -2.134, -1.408,  0.000, 
240, 0,  8.301,  5.143,  0.000, 
240, 0, -2.134, -1.377,  0.000, 

241, 0, -2.081, -1.372,  0.000, 
241, 0, -1.398,  4.912,  0.000, 
241, 0,  3.041,  4.854,  0.000, 
241, 0,  8.116,  5.570,  0.000, 
241, 0, -1.904,  4.988,  0.000, 
241, 0, -2.408,  5.169,  0.000, 
241, 0, -2.636, -1.360,  0.000, 
241, 0, -0.822, -1.303,  0.000, 
241, 0, -0.718,  5.179,  0.000, 

242, 0, -1.876, -1.298,  0.000, 
242, 0, -0.728,  5.276,  0.000, 
242, 0,  3.541,  4.602,  0.000, 
242, 0,  8.476,  5.243,  0.000, 
242, 0, -1.435,  5.004,  0.000, 
242, 0, -1.889,  5.034,  0.000, 
242, 0, -2.447, -1.452,  0.000, 
242, 0, -0.779, -1.207,  0.000, 
242, 0, -1.419, -1.254,  0.000, 
242, 0, 28.610,  6.790,  0.000, 
242, 0,  2.706,  5.701,  0.000, 
242, 0,  7.928,  6.030,  0.000, 

243, 0, -1.475, -1.265,  0.000, 
243, 0, -1.365,  5.018,  0.000, 
243, 0,  3.222,  4.707,  0.000, 
243, 0,  8.219,  5.427,  0.000, 
243, 0, -1.315,  4.936,  0.000, 
243, 0, -1.764, -1.294,  0.000, 
243, 0, -0.824, -1.245,  0.000, 
243, 0, -1.835,  5.030,  0.000, 
243, 0,  0.643, -4.700,  0.000, 
243, 0, -2.288,  5.135,  0.000, 
243, 0,  0.209, -1.305,  0.000, 
243, 0, -0.762,  5.133,  0.000, 

244, 0, -0.839, -1.248,  0.000, 
244, 0, -1.313,  4.907,  0.000, 
244, 0,  3.163,  4.772,  0.000, 
244, 0,  8.324,  5.274,  0.000, 
244, 0, -0.793,  5.128,  0.000, 
244, 0, -1.420, -1.274,  0.000, 
244, 0,  0.578, -4.729,  0.000, 
244, 0, -1.821,  5.011,  0.000, 
244, 0,  0.207, -1.368,  0.000, 
244, 0, -0.661, -1.221,  0.000, 
244, 0, -2.301,  5.234,  0.000, 

245, 0, -0.687, -1.226,  0.000, 
245, 0, -0.843,  5.134,  0.000, 
245, 0,  3.339,  4.663,  0.000, 
245, 0, -0.223,  6.052,  0.000, 
245, 0, -1.317,  4.941,  0.000, 
245, 0,  0.221, -1.323,  0.000, 
245, 0, -1.837,  5.009,  0.000, 
245, 0, -1.362, -1.336,  0.000, 
245, 0, -1.376,  5.029,  0.000, 
245, 0, 10.019, -2.711,  0.000, 
245, 0,  2.312,  8.520,  0.000, 
245, 0,  2.708,  5.766,  0.000, 

246, 0, -0.472, -1.220,  0.000, 
246, 0, -0.865,  5.071,  0.000, 
246, 0,  0.193, -1.355,  0.000, 
246, 0, -1.357,  4.925,  0.000, 
246, 0, -0.581, -1.181,  0.000, 
246, 0,  2.724,  8.108,  0.000, 

247, 0, -0.453, -1.208,  0.000, 
247, 0, -1.004,  5.196,  0.000, 
247, 0,  0.306, -1.305,  0.000, 
247, 0, -0.937,  5.052,  0.000, 
247, 0,  8.347,  5.267,  0.000, 
247, 0,  5.225, -3.965,  0.000, 
247, 0,  3.451,  4.654,  0.000, 
247, 0, -0.506, -4.375,  0.000, 
247, 0,  2.359,  8.547,  0.000, 

248, 0, -0.183, -1.288,  0.000, 
248, 0, -0.555,  5.542,  0.000, 
248, 0,  0.417, -1.276,  0.000, 
248, 0,  8.212,  5.599,  0.000, 
248, 0,  5.233, -3.861,  0.000, 
248, 0,  4.150,  4.709,  0.000, 
248, 0, -0.495, -4.376,  0.000, 
248, 0,  3.098,  5.123,  0.000, 
248, 0,  3.427,  4.702,  0.000, 
248, 0,  2.168,  8.587,  0.000, 
248, 0, 10.065, -2.513,  0.000, 
248, 0, 28.834,  5.389,  0.000, 
248, 0,  2.698,  5.785,  0.000, 

249, 0,  0.447, -1.262,  0.000, 
249, 0, -0.016,  6.578,  0.000, 
249, 0,  0.596, -1.281,  0.000, 
249, 0,  8.425,  5.342,  0.000, 
249, 0,  5.176, -3.957,  0.000, 
249, 0,  3.368,  4.748,  0.000, 
249, 0,  2.726,  8.180,  0.000, 
249, 0, 10.051, -2.689,  0.000, 
249, 0,  0.671, -4.697,  0.000, 

250, 0,  0.603, -1.281,  0.000, 
250, 0,  8.529,  5.228,  0.000, 
250, 0,  5.210, -3.978,  0.000, 
250, 0,  3.642,  4.651,  0.000, 
250, 0,  2.815,  8.101,  0.000, 
250, 0, 10.038, -2.759,  0.000, 
250, 0,  0.701, -4.691,  0.000, 
250, 0, 28.952,  5.121,  0.000, 
250, 0,  3.258,  4.918,  0.000, 

251, 0,  0.791, -1.469,  0.000, 
251, 0,  8.602,  5.253,  0.000, 
251, 0,  5.160, -3.980,  0.000, 
251, 0,  3.476,  4.742,  0.000, 
251, 0, 10.039, -2.809,  0.000, 
251, 0,  0.641, -4.679,  0.000, 

252, 0,  8.408,  5.481,  0.000, 
252, 0,  5.241, -3.981,  0.000, 
252, 0,  0.870, -4.746,  0.000, 
252, 0, 10.035, -2.703,  0.000, 

253, 0,  8.396,  5.356,  0.000, 
253, 0,  5.104, -3.932,  0.000, 
253, 0, 10.002, -2.742,  0.000, 
253, 0,  1.760, -6.019,  0.000, 
253, 0,  3.776,  4.690,  0.000, 
253, 0,  4.612,  4.587,  0.000, 
253, 0,  1.790,  8.708,  0.000, 
253, 0, 21.746, -3.587,  0.000, 

254, 0,  8.382,  5.412,  0.000, 
254, 0,  5.136, -3.960,  0.000, 
254, 0, 10.061, -2.646,  0.000, 
254, 0,  2.069, -6.019,  0.000, 
254, 0,  3.324,  4.793,  0.000, 
254, 0,  4.525,  4.618,  0.000, 
254, 0, 28.822,  5.355,  0.000, 
254, 0,  8.996,  4.892,  0.000, 

255, 0,  8.626,  5.083,  0.000, 
255, 0,  5.203, -3.923,  0.000, 
255, 0, 10.034, -2.834,  0.000, 
255, 0,  3.640,  4.712,  0.000, 
255, 0, 29.035,  4.732,  0.000, 

256, 0,  8.402,  5.366,  0.000, 
256, 0,  5.138, -3.956,  0.000, 
256, 0, 10.030, -2.709,  0.000, 
256, 0,  3.884,  4.666,  0.000, 
256, 0,  4.603,  4.619,  0.000, 
256, 0,  9.116,  4.790,  0.000, 
256, 0,  3.376,  4.775,  0.000, 
256, 0,  2.605, -6.038,  0.000, 

257, 0,  8.435,  5.435,  0.000, 
257, 0,  5.142, -3.943,  0.000, 
257, 0, 10.044, -2.705,  0.000, 
257, 0,  3.887,  4.673,  0.000, 
257, 0,  4.632,  4.605,  0.000, 
257, 0,  9.089,  4.812,  0.000, 
257, 0,  2.458, -6.026,  0.000, 
257, 0, 28.874,  5.430,  0.000, 

258, 0,  8.411,  5.361,  0.000, 
258, 0,  5.140, -3.941,  0.000, 
258, 0, 10.032, -2.725,  0.000, 
258, 0,  3.797,  4.692,  0.000, 
258, 0,  4.653,  4.595,  0.000, 
258, 0,  9.041,  4.854,  0.000, 
258, 0, 28.927,  5.166,  0.000, 

259, 0,  5.149, -3.923,  0.000, 
259, 0,  3.855,  4.673,  0.000, 
259, 0,  4.658,  4.574,  0.000, 
259, 0,  9.100,  4.742,  0.000, 
259, 0,  2.845, -6.042,  0.000, 
259, 0, 10.030, -2.707,  0.000, 

260, 0,  5.152, -3.932,  0.000, 
260, 0,  3.883,  4.678,  0.000, 
260, 0,  4.606,  4.603,  0.000, 
260, 0,  9.111,  4.753,  0.000, 
260, 0,  2.922, -6.032,  0.000, 
260, 0, 10.054, -2.721,  0.000, 
260, 0,  8.477,  5.366,  0.000, 
260, 0,  3.046,  3.547,  0.000, 
260, 0, 21.833, -3.492,  0.000, 
260, 0, 28.906,  5.367,  0.000, 

261, 0,  5.167, -3.945,  0.000, 
261, 0,  3.543,  3.421,  0.000, 
261, 0,  4.699,  4.557,  0.000, 
261, 0,  9.119,  4.753,  0.000, 
261, 0,  2.653, -6.019,  0.000, 
261, 0, 10.044, -2.730,  0.000, 
261, 0,  8.418,  5.373,  0.000, 
261, 0,  3.269,  3.436,  0.000, 
261, 0, 21.837, -3.492,  0.000, 

262, 0,  5.157, -3.920,  0.000, 
262, 0,  3.941,  3.339,  0.000, 
262, 0,  9.119,  4.744,  0.000, 
262, 0,  2.713, -6.033,  0.000, 
262, 0, 10.047, -2.723,  0.000, 
262, 0,  8.488,  5.336,  0.000, 
262, 0, 21.843, -3.473,  0.000, 
262, 0,  3.256, -6.047,  0.000, 

